Level,Text,Href,FullURL,ParentPath,FullPath,Title,ChildrenCount
0,HOME,/content/mca/global/en/home.html,https://www.mca.gov.in/content/mca/global/en/home.html,,HOME,,0
0,About MCA,/content/mca/global/en/about-us.html,https://www.mca.gov.in/content/mca/global/en/about-us.html,,About MCA,,7
1,About MCA,/content/mca/global/en/about-us/aboutmca.html,https://www.mca.gov.in/content/mca/global/en/about-us/aboutmca.html,About MCA,About MCA > About MCA,,0
1,Image Gallery,/content/mca/global/en/about-us/image-gallery.html,https://www.mca.gov.in/content/mca/global/en/about-us/image-gallery.html,About MCA,About MCA > Image Gallery,,0
1,Right To Information,/content/mca/global/en/about-us/right-to-information.html,https://www.mca.gov.in/content/mca/global/en/about-us/right-to-information.html,About MCA,About MCA > Right To Information,,3
2,"Disclosure of information under Section 4(1)(b) of the RTI Act, 2005",/content/mca/global/en/about-us/right-to-information/disclosure.html,https://www.mca.gov.in/content/mca/global/en/about-us/right-to-information/disclosure.html,About MCA > Right To Information,"About MCA > Right To Information > Disclosure of information under Section 4(1)(b) of the RTI Act, 2005",,0
2,Orders,/content/mca/global/en/about-us/right-to-information/orders.html,https://www.mca.gov.in/content/mca/global/en/about-us/right-to-information/orders.html,About MCA > Right To Information,About MCA > Right To Information > Orders,,0
2,List of CPIOs/ AAs,/content/mca/global/en/about-us/right-to-information/list-of-cpios--aas.html,https://www.mca.gov.in/content/mca/global/en/about-us/right-to-information/list-of-cpios--aas.html,About MCA > Right To Information,About MCA > Right To Information > List of CPIOs/ AAs,,0
1,Newsletters,/content/mca/global/en/about-us/newsletter.html,https://www.mca.gov.in/content/mca/global/en/about-us/newsletter.html,About MCA,About MCA > Newsletters,,0
1,Achievements,/content/mca/global/en/about-us/achievements.html,https://www.mca.gov.in/content/mca/global/en/about-us/achievements.html,About MCA,About MCA > Achievements,,0
1,MCA Offices,/content/mca/global/en/about-us/mca-offices.html,https://www.mca.gov.in/content/mca/global/en/about-us/mca-offices.html,About MCA,About MCA > MCA Offices,,0
1,Affiliated Offices,/content/mca/global/en/about-us/affiliated-offices.html,https://www.mca.gov.in/content/mca/global/en/about-us/affiliated-offices.html,About MCA,About MCA > Affiliated Offices,,13
2,Competition Commission of India,/content/mca/global/en/about-us/affiliated-offices/cci.html,https://www.mca.gov.in/content/mca/global/en/about-us/affiliated-offices/cci.html,About MCA > Affiliated Offices,About MCA > Affiliated Offices > Competition Commission of India,,0
2,Insolvency and Bankruptcy Board of India,/content/mca/global/en/about-us/affiliated-offices/ibbi.html,https://www.mca.gov.in/content/mca/global/en/about-us/affiliated-offices/ibbi.html,About MCA > Affiliated Offices,About MCA > Affiliated Offices > Insolvency and Bankruptcy Board of India,,0
2,Institute of Chartered Accountants of India,/content/mca/global/en/about-us/affiliated-offices/icai.html,https://www.mca.gov.in/content/mca/global/en/about-us/affiliated-offices/icai.html,About MCA > Affiliated Offices,About MCA > Affiliated Offices > Institute of Chartered Accountants of India,,0
2,Institute of Cost Accountants of India,/content/mca/global/en/about-us/affiliated-offices/icoai.html,https://www.mca.gov.in/content/mca/global/en/about-us/affiliated-offices/icoai.html,About MCA > Affiliated Offices,About MCA > Affiliated Offices > Institute of Cost Accountants of India,,0
2,Institute of Company Secretaries of India,/content/mca/global/en/about-us/affiliated-offices/icsi.html,https://www.mca.gov.in/content/mca/global/en/about-us/affiliated-offices/icsi.html,About MCA > Affiliated Offices,About MCA > Affiliated Offices > Institute of Company Secretaries of India,,0
2,Investor Education And Protection Fund Authority,/content/mca/global/en/about-us/affiliated-offices/iepfa.html,https://www.mca.gov.in/content/mca/global/en/about-us/affiliated-offices/iepfa.html,About MCA > Affiliated Offices,About MCA > Affiliated Offices > Investor Education And Protection Fund Authority,,0
2,Indian Institute Of Corporate Affairs,/content/mca/global/en/about-us/affiliated-offices/iica.html,https://www.mca.gov.in/content/mca/global/en/about-us/affiliated-offices/iica.html,About MCA > Affiliated Offices,About MCA > Affiliated Offices > Indian Institute Of Corporate Affairs,,0
2,National Company Law Appellate Tribunal,/content/mca/global/en/about-us/affiliated-offices/nclat.html,https://www.mca.gov.in/content/mca/global/en/about-us/affiliated-offices/nclat.html,About MCA > Affiliated Offices,About MCA > Affiliated Offices > National Company Law Appellate Tribunal,,0
2,National Company Law Tribunal,/content/mca/global/en/about-us/affiliated-offices/nclt.html,https://www.mca.gov.in/content/mca/global/en/about-us/affiliated-offices/nclt.html,About MCA > Affiliated Offices,About MCA > Affiliated Offices > National Company Law Tribunal,,0
2,National Foundation for Corporate Governance,/content/mca/global/en/about-us/affiliated-offices/nfcg.html,https://www.mca.gov.in/content/mca/global/en/about-us/affiliated-offices/nfcg.html,About MCA > Affiliated Offices,About MCA > Affiliated Offices > National Foundation for Corporate Governance,,0
2,National Financial Reporting Authority,/content/mca/global/en/about-us/affiliated-offices/nfra.html,https://www.mca.gov.in/content/mca/global/en/about-us/affiliated-offices/nfra.html,About MCA > Affiliated Offices,About MCA > Affiliated Offices > National Financial Reporting Authority,,0
2,National Foundation for Corporate Social Responsibility,/content/mca/global/en/about-us/affiliated-offices/nfcsr.html,https://www.mca.gov.in/content/mca/global/en/about-us/affiliated-offices/nfcsr.html,About MCA > Affiliated Offices,About MCA > Affiliated Offices > National Foundation for Corporate Social Responsibility,,0
2,Serious Fraud Investigation Office,/content/mca/global/en/about-us/affiliated-offices/sfo.html,https://www.mca.gov.in/content/mca/global/en/about-us/affiliated-offices/sfo.html,About MCA > Affiliated Offices,About MCA > Affiliated Offices > Serious Fraud Investigation Office,,0
0,Acts & Rules,/content/mca/global/en/acts-rules.html,https://www.mca.gov.in/content/mca/global/en/acts-rules.html,,Acts & Rules,,0
0,My Application,/content/mca/global/en/application-history.html,https://www.mca.gov.in/content/mca/global/en/application-history.html,,My Application,,0
0,MCA Services,/content/mca/global/en/mca.html,https://www.mca.gov.in/content/mca/global/en/mca.html,,MCA Services,,13
1,Master Data,/content/mca/global/en/mca/master-data.html,https://www.mca.gov.in/content/mca/global/en/mca/master-data.html,MCA Services,MCA Services > Master Data,,2
2,Master Data Services,/content/mca/global/en/mca/master-data/MDS.html,https://www.mca.gov.in/content/mca/global/en/mca/master-data/MDS.html,MCA Services > Master Data,MCA Services > Master Data > Master Data Services,,0
2,View Companies/Directors Under Prosecution,/content/mca/global/en/mca/master-data/View-Companies-Directors-under-prosecution-V3.html,https://www.mca.gov.in/content/mca/global/en/mca/master-data/View-Companies-Directors-under-prosecution-V3.html,MCA Services > Master Data,MCA Services > Master Data > View Companies/Directors Under Prosecution,,0
1,LLP e-Filing,/content/mca/global/en/mca/llp-e-filling.html,https://www.mca.gov.in/content/mca/global/en/mca/llp-e-filling.html,MCA Services,MCA Services > LLP e-Filing,,21
2,RUN-LLP (Reserve Unique Name),/content/mca/global/en/mca/llp-e-filling/run-llp.html,https://www.mca.gov.in/content/mca/global/en/mca/llp-e-filling/run-llp.html,MCA Services > LLP e-Filing,MCA Services > LLP e-Filing > RUN-LLP (Reserve Unique Name),,0
2,Fillip Incorporation of LLP,/content/mca/global/en/mca/llp-e-filling/Fillip.html,https://www.mca.gov.in/content/mca/global/en/mca/llp-e-filling/Fillip.html,MCA Services > LLP e-Filing,MCA Services > LLP e-Filing > Fillip Incorporation of LLP,,0
2,Form 3 - Information for LLP agreement and changes,/content/mca/global/en/mca/llp-e-filling/Form-3.html,https://www.mca.gov.in/content/mca/global/en/mca/llp-e-filling/Form-3.html,MCA Services > LLP e-Filing,MCA Services > LLP e-Filing > Form 3 - Information for LLP agreement and changes,,0
2,Form 4 - Notice for change in information of partners/designated partners,/content/mca/global/en/mca/llp-e-filling/Form-04.html,https://www.mca.gov.in/content/mca/global/en/mca/llp-e-filling/Form-04.html,MCA Services > LLP e-Filing,MCA Services > LLP e-Filing > Form 4 - Notice for change in information of partners/designated partners,,0
2,Form 5 - Notice for change of name,/content/mca/global/en/mca/llp-e-filling/form5.html,https://www.mca.gov.in/content/mca/global/en/mca/llp-e-filling/form5.html,MCA Services > LLP e-Filing,MCA Services > LLP e-Filing > Form 5 - Notice for change of name,,0
2,Form 8 - Statement of Account & Solvency,/content/mca/global/en/mca/llp-e-filling/Form-8.html,https://www.mca.gov.in/content/mca/global/en/mca/llp-e-filling/Form-8.html,MCA Services > LLP e-Filing,MCA Services > LLP e-Filing > Form 8 - Statement of Account & Solvency,,0
2,Form 11 - Annual Return of LLP,/content/mca/global/en/mca/llp-e-filling/Form-11.html,https://www.mca.gov.in/content/mca/global/en/mca/llp-e-filling/Form-11.html,MCA Services > LLP e-Filing,MCA Services > LLP e-Filing > Form 11 - Annual Return of LLP,,0
2,Form 12 - Form for intimating other address for service of documents,/content/mca/global/en/mca/llp-e-filling/Form12.html,https://www.mca.gov.in/content/mca/global/en/mca/llp-e-filling/Form12.html,MCA Services > LLP e-Filing,MCA Services > LLP e-Filing > Form 12 - Form for intimating other address for service of documents,,0
2,Form 15 - Notice for change of place of registered office,/content/mca/global/en/mca/llp-e-filling/Form15.html,https://www.mca.gov.in/content/mca/global/en/mca/llp-e-filling/Form15.html,MCA Services > LLP e-Filing,MCA Services > LLP e-Filing > Form 15 - Notice for change of place of registered office,,0
2,Form 22 - Notice of Intimation of Order to the Registrar,/content/mca/global/en/mca/llp-e-filling/form22.html,https://www.mca.gov.in/content/mca/global/en/mca/llp-e-filling/form22.html,MCA Services > LLP e-Filing,MCA Services > LLP e-Filing > Form 22 - Notice of Intimation of Order to the Registrar,,0
2,Form 23 - Application for direction to LLP to change its name to the Registrar,/content/mca/global/en/mca/llp-e-filling/form-23.html,https://www.mca.gov.in/content/mca/global/en/mca/llp-e-filling/form-23.html,MCA Services > LLP e-Filing,MCA Services > LLP e-Filing > Form 23 - Application for direction to LLP to change its name to the Registrar,,0
2,Form 24 - Application for striking off name,/content/mca/global/en/mca/llp-e-filling/form-24.html,https://www.mca.gov.in/content/mca/global/en/mca/llp-e-filling/form-24.html,MCA Services > LLP e-Filing,MCA Services > LLP e-Filing > Form 24 - Application for striking off name,,0
2,Form 25 - Reservation/ renewal of name by a FLLP or Foreign Company,/content/mca/global/en/mca/llp-e-filling/Form-25.html,https://www.mca.gov.in/content/mca/global/en/mca/llp-e-filling/Form-25.html,MCA Services > LLP e-Filing,MCA Services > LLP e-Filing > Form 25 - Reservation/ renewal of name by a FLLP or Foreign Company,,0
2,Form 27 - Registration of particulars by FLLP,/content/mca/global/en/mca/llp-e-filling/Form-27.html,https://www.mca.gov.in/content/mca/global/en/mca/llp-e-filling/Form-27.html,MCA Services > LLP e-Filing,MCA Services > LLP e-Filing > Form 27 - Registration of particulars by FLLP,,0
2,Form 28 - Reporting of Alteration / closure,/content/mca/global/en/mca/llp-e-filling/Form-28.html,https://www.mca.gov.in/content/mca/global/en/mca/llp-e-filling/Form-28.html,MCA Services > LLP e-Filing,MCA Services > LLP e-Filing > Form 28 - Reporting of Alteration / closure,,0
2,Form 31 - Application for compounding of an offence under the Act,/content/mca/global/en/mca/llp-e-filling/form31.html,https://www.mca.gov.in/content/mca/global/en/mca/llp-e-filling/form31.html,MCA Services > LLP e-Filing,MCA Services > LLP e-Filing > Form 31 - Application for compounding of an offence under the Act,,0
2,Form 32 - Filing addendum for rectification of defects or incompleteness,/content/mca/global/en/mca/llp-e-filling/form-32.html,https://www.mca.gov.in/content/mca/global/en/mca/llp-e-filling/form-32.html,MCA Services > LLP e-Filing,MCA Services > LLP e-Filing > Form 32 - Filing addendum for rectification of defects or incompleteness,,0
2,Form LLP BEN 2 - Return to the Registrar in respect of declaration under section 90,/content/mca/global/en/mca/llp-e-filling/LLP-BEN-2.html,https://www.mca.gov.in/content/mca/global/en/mca/llp-e-filling/LLP-BEN-2.html,MCA Services > LLP e-Filing,MCA Services > LLP e-Filing > Form LLP BEN 2 - Return to the Registrar in respect of declaration under section 90,,0
2,Form 4D - Return to the Registrar in respect of declaration of beneficial interest in contribution received by the LLP,/content/mca/global/en/mca/llp-e-filling/Form-4D.html,https://www.mca.gov.in/content/mca/global/en/mca/llp-e-filling/Form-4D.html,MCA Services > LLP e-Filing,MCA Services > LLP e-Filing > Form 4D - Return to the Registrar in respect of declaration of beneficial interest in contribution received by the LLP,"Return to the Registrar in respect of declaration of 
beneficial interest in contribution received by the LLP",0
2,Form LLP-ADJ,/content/mca/global/en/mca/llp-e-filling/Form-LLP-ADJ.html,https://www.mca.gov.in/content/mca/global/en/mca/llp-e-filling/Form-LLP-ADJ.html,MCA Services > LLP e-Filing,MCA Services > LLP e-Filing > Form LLP-ADJ,,0
2,LLP Form-24 Letter View,/content/mca/global/en/mca/llp-e-filling/LLP-Form-24-LetterView.html,https://www.mca.gov.in/content/mca/global/en/mca/llp-e-filling/LLP-Form-24-LetterView.html,MCA Services > LLP e-Filing,MCA Services > LLP e-Filing > LLP Form-24 Letter View,,0
1,FO Services,/content/mca/global/en/mca/fo-llp-services.html,https://www.mca.gov.in/content/mca/global/en/mca/fo-llp-services.html,MCA Services,MCA Services > FO Services,,10
2,Verify DIN PAN Details of Director,/content/mca/global/en/mca/fo-llp-services/verify-din-pan-details-of-director.html,https://www.mca.gov.in/content/mca/global/en/mca/fo-llp-services/verify-din-pan-details-of-director.html,MCA Services > FO Services,MCA Services > FO Services > Verify DIN PAN Details of Director,,0
2,Enquire DIN Status,/content/mca/global/en/mca/fo-llp-services/enquire-din-status.html,https://www.mca.gov.in/content/mca/global/en/mca/fo-llp-services/enquire-din-status.html,MCA Services > FO Services,MCA Services > FO Services > Enquire DIN Status,,0
2,Find LLPIN,/content/mca/global/en/mca/fo-llp-services/find-llpin.html,https://www.mca.gov.in/content/mca/global/en/mca/fo-llp-services/find-llpin.html,MCA Services > FO Services,MCA Services > FO Services > Find LLPIN,,0
2,Find CIN,/content/mca/global/en/mca/fo-llp-services/findCinFinalSingleCom.html,https://www.mca.gov.in/content/mca/global/en/mca/fo-llp-services/findCinFinalSingleCom.html,MCA Services > FO Services,MCA Services > FO Services > Find CIN,,0
2,Track Payment Status at NTRP,/content/mca/global/en/mca/fo-llp-services/track-payment-status-at-ntrp.html,https://www.mca.gov.in/content/mca/global/en/mca/fo-llp-services/track-payment-status-at-ntrp.html,MCA Services > FO Services,MCA Services > FO Services > Track Payment Status at NTRP,,0
2,Enquire Fees,/content/mca/global/en/mca/fo-llp-services/enquire-fees.html,https://www.mca.gov.in/content/mca/global/en/mca/fo-llp-services/enquire-fees.html,MCA Services > FO Services,MCA Services > FO Services > Enquire Fees,,0
2,Check Company/LLP Name,/content/mca/global/en/mca/fo-llp-services/company-llp-name-search.html,https://www.mca.gov.in/content/mca/global/en/mca/fo-llp-services/company-llp-name-search.html,MCA Services > FO Services,MCA Services > FO Services > Check Company/LLP Name,,0
2,Authorize / Suspend User,/content/mca/global/en/mca/fo-llp-services/fo-user-functionality-flow.html,https://www.mca.gov.in/content/mca/global/en/mca/fo-llp-services/fo-user-functionality-flow.html,MCA Services > FO Services,MCA Services > FO Services > Authorize / Suspend User,,0
2,Check Annual Filing Status V3,/content/mca/global/en/mca/fo-llp-services/check-annual-filing-status.html,https://www.mca.gov.in/content/mca/global/en/mca/fo-llp-services/check-annual-filing-status.html,MCA Services > FO Services,MCA Services > FO Services > Check Annual Filing Status V3,,0
2,List of Proclaimed Offenders u/s 82 Cr.PC.,/content/mca/global/en/mca/fo-llp-services/list-of-proclaimed-offenders.html,https://www.mca.gov.in/content/mca/global/en/mca/fo-llp-services/list-of-proclaimed-offenders.html,MCA Services > FO Services,MCA Services > FO Services > List of Proclaimed Offenders u/s 82 Cr.PC.,,0
1,DSC Services,/content/mca/global/en/mca/dsc-services-v3.html,https://www.mca.gov.in/content/mca/global/en/mca/dsc-services-v3.html,MCA Services,MCA Services > DSC Services,,3
2,Acquire DSC,/content/mca/global/en/mca/dsc-services-v3/acquire-dsc.html,https://www.mca.gov.in/content/mca/global/en/mca/dsc-services-v3/acquire-dsc.html,MCA Services > DSC Services,MCA Services > DSC Services > Acquire DSC,,0
2,Associate DSC,/content/mca/global/en/mca/dsc-services-v3/associate-dsc.html,https://www.mca.gov.in/content/mca/global/en/mca/dsc-services-v3/associate-dsc.html,MCA Services > DSC Services,MCA Services > DSC Services > Associate DSC,,0
2,DSC Certifying Authorities,/content/mca/global/en/mca/dsc-services-v3/dsc-certifying-authorities.html,https://www.mca.gov.in/content/mca/global/en/mca/dsc-services-v3/dsc-certifying-authorities.html,MCA Services > DSC Services,MCA Services > DSC Services > DSC Certifying Authorities,,0
1,Company e-Filing,/content/mca/global/en/mca/e-filing.html,https://www.mca.gov.in/content/mca/global/en/mca/e-filing.html,MCA Services,MCA Services > Company e-Filing,,9
2,Incorporation & Change services,/content/mca/global/en/mca/e-filing/incorporation-change-services.html,https://www.mca.gov.in/content/mca/global/en/mca/e-filing/incorporation-change-services.html,MCA Services > Company e-Filing,MCA Services > Company e-Filing > Incorporation & Change services,,8
3,RUN - Application for change of name of existing company,/content/mca/global/en/mca/e-filing/incorporation-change-services/run.html,https://www.mca.gov.in/content/mca/global/en/mca/e-filing/incorporation-change-services/run.html,MCA Services > Company e-Filing > Incorporation & Change services,MCA Services > Company e-Filing > Incorporation & Change services > RUN - Application for change of name of existing company,Application for change of name of existing company,0
3,SPICe+ Form - Reserve name for new company incorporation,/content/mca/global/en/mca/e-filing/incorporation-change-services/spice.html,https://www.mca.gov.in/content/mca/global/en/mca/e-filing/incorporation-change-services/spice.html,MCA Services > Company e-Filing > Incorporation & Change services,MCA Services > Company e-Filing > Incorporation & Change services > SPICe+ Form - Reserve name for new company incorporation,Application for reservation of name for new company incorporation,0
3,INC-4 - One Person Company - Change in Member/ Nominee,/content/mca/global/en/mca/e-filing/incorporation-change-services/INC-4.html,https://www.mca.gov.in/content/mca/global/en/mca/e-filing/incorporation-change-services/INC-4.html,MCA Services > Company e-Filing > Incorporation & Change services,MCA Services > Company e-Filing > Incorporation & Change services > INC-4 - One Person Company - Change in Member/ Nominee,One Person Company - Change in Member/ Nominee,0
3,MR-1 - Appointment of MD/WTD/Manager,/content/mca/global/en/mca/e-filing/incorporation-change-services/MR-1.html,https://www.mca.gov.in/content/mca/global/en/mca/e-filing/incorporation-change-services/MR-1.html,MCA Services > Company e-Filing > Incorporation & Change services,MCA Services > Company e-Filing > Incorporation & Change services > MR-1 - Appointment of MD/WTD/Manager,Return of appointment of managing director or whole time director or manager,0
3,INC-22 - Notice of situation of registered office,/content/mca/global/en/mca/e-filing/incorporation-change-services/INC-22.html,https://www.mca.gov.in/content/mca/global/en/mca/e-filing/incorporation-change-services/INC-22.html,MCA Services > Company e-Filing > Incorporation & Change services,MCA Services > Company e-Filing > Incorporation & Change services > INC-22 - Notice of situation of registered office,Notice of situation or change of situation of registered office,0
3,INC-27 - Conversion of company,/content/mca/global/en/mca/e-filing/incorporation-change-services/INC-27.html,https://www.mca.gov.in/content/mca/global/en/mca/e-filing/incorporation-change-services/INC-27.html,MCA Services > Company e-Filing > Incorporation & Change services,MCA Services > Company e-Filing > Incorporation & Change services > INC-27 - Conversion of company,Conversion of public company into private company or private company into public company or Conversion of Unlimited Liability Company into Limited Liability Company,0
3,SH-7 - Alteration of share capital,/content/mca/global/en/mca/e-filing/incorporation-change-services/SH-7.html,https://www.mca.gov.in/content/mca/global/en/mca/e-filing/incorporation-change-services/SH-7.html,MCA Services > Company e-Filing > Incorporation & Change services,MCA Services > Company e-Filing > Incorporation & Change services > SH-7 - Alteration of share capital,Notice to Registrar of any alteration of share capital,0
3,INC-6 - One Person Company - Conversion form,/content/mca/global/en/mca/e-filing/incorporation-change-services/INC-6.html,https://www.mca.gov.in/content/mca/global/en/mca/e-filing/incorporation-change-services/INC-6.html,MCA Services > Company e-Filing > Incorporation & Change services,MCA Services > Company e-Filing > Incorporation & Change services > INC-6 - One Person Company - Conversion form,One Person Company - Conversion form,0
2,DIN Related Forms,/content/mca/global/en/mca/e-filing/din-related-forms.html,https://www.mca.gov.in/content/mca/global/en/mca/e-filing/din-related-forms.html,MCA Services > Company e-Filing,MCA Services > Company e-Filing > DIN Related Forms,,9
3,DIR-3 - Application for allotment of DIN,/content/mca/global/en/mca/e-filing/din-related-forms/form-dir3.html,https://www.mca.gov.in/content/mca/global/en/mca/e-filing/din-related-forms/form-dir3.html,MCA Services > Company e-Filing > DIN Related Forms,MCA Services > Company e-Filing > DIN Related Forms > DIR-3 - Application for allotment of DIN,,0
3,DIR-3C - Intimation of DIN by the company,/content/mca/global/en/mca/e-filing/din-related-forms/form-dir3c.html,https://www.mca.gov.in/content/mca/global/en/mca/e-filing/din-related-forms/form-dir3c.html,MCA Services > Company e-Filing > DIN Related Forms,MCA Services > Company e-Filing > DIN Related Forms > DIR-3C - Intimation of DIN by the company,,0
3,DIR-6 - Change in particulars of Director,/content/mca/global/en/mca/e-filing/din-related-forms/form-dir6.html,https://www.mca.gov.in/content/mca/global/en/mca/e-filing/din-related-forms/form-dir6.html,MCA Services > Company e-Filing > DIN Related Forms,MCA Services > Company e-Filing > DIN Related Forms > DIR-6 - Change in particulars of Director,,0
3,DIR-12 - Appointment of Directors and KMP,/content/mca/global/en/mca/e-filing/din-related-forms/form-dir12.html,https://www.mca.gov.in/content/mca/global/en/mca/e-filing/din-related-forms/form-dir12.html,MCA Services > Company e-Filing > DIN Related Forms,MCA Services > Company e-Filing > DIN Related Forms > DIR-12 - Appointment of Directors and KMP,,0
3,DIR-3-KYC-WEB – Intimation of Changes or Reactivation of DIN,/content/mca/global/en/mca/e-filing/din-related-forms/form-dir3kycweb.html,https://www.mca.gov.in/content/mca/global/en/mca/e-filing/din-related-forms/form-dir3kycweb.html,MCA Services > Company e-Filing > DIN Related Forms,MCA Services > Company e-Filing > DIN Related Forms > DIR-3-KYC-WEB – Intimation of Changes or Reactivation of DIN,,0
3,DIR-11 - Resignation of a Director,/content/mca/global/en/mca/e-filing/din-related-forms/form-dir11.html,https://www.mca.gov.in/content/mca/global/en/mca/e-filing/din-related-forms/form-dir11.html,MCA Services > Company e-Filing > DIN Related Forms,MCA Services > Company e-Filing > DIN Related Forms > DIR-11 - Resignation of a Director,,0
3,DIR-5 - Surrender of DIN,/content/mca/global/en/mca/e-filing/din-related-forms/form-dir5.html,https://www.mca.gov.in/content/mca/global/en/mca/e-filing/din-related-forms/form-dir5.html,MCA Services > Company e-Filing > DIN Related Forms,MCA Services > Company e-Filing > DIN Related Forms > DIR-5 - Surrender of DIN,,0
3,DIR-10 – Removal of disqualification of directors,/content/mca/global/en/mca/e-filing/din-related-forms/DIR-10.html,https://www.mca.gov.in/content/mca/global/en/mca/e-filing/din-related-forms/DIR-10.html,MCA Services > Company e-Filing > DIN Related Forms,MCA Services > Company e-Filing > DIN Related Forms > DIR-10 – Removal of disqualification of directors,Application for Registration of Creation or Modification of charge,0
3,DIR-9 - Disqualification of Directors,/content/mca/global/en/mca/e-filing/din-related-forms/DIR-9.html,https://www.mca.gov.in/content/mca/global/en/mca/e-filing/din-related-forms/DIR-9.html,MCA Services > Company e-Filing > DIN Related Forms,MCA Services > Company e-Filing > DIN Related Forms > DIR-9 - Disqualification of Directors,Report by the company to Registrar for disqualification of Directors,0
2,Charge Management,/content/mca/global/en/mca/e-filing/charge-management.html,https://www.mca.gov.in/content/mca/global/en/mca/e-filing/charge-management.html,MCA Services > Company e-Filing,MCA Services > Company e-Filing > Charge Management,,5
3,Form CHG-1 - Intimation of creation / modification of charge (other than those related to debentures),/content/mca/global/en/mca/e-filing/charge-management/form-chg1.html,https://www.mca.gov.in/content/mca/global/en/mca/e-filing/charge-management/form-chg1.html,MCA Services > Company e-Filing > Charge Management,MCA Services > Company e-Filing > Charge Management > Form CHG-1 - Intimation of creation / modification of charge (other than those related to debentures),,0
3,Form CHG-4 - Intimation of satisfaction of charge,/content/mca/global/en/mca/e-filing/charge-management/form-chg4.html,https://www.mca.gov.in/content/mca/global/en/mca/e-filing/charge-management/form-chg4.html,MCA Services > Company e-Filing > Charge Management,MCA Services > Company e-Filing > Charge Management > Form CHG-4 - Intimation of satisfaction of charge,,0
3,Form CHG-6 - Intimation of appointment / cessation of receiver / manager,/content/mca/global/en/mca/e-filing/charge-management/form-chg6.html,https://www.mca.gov.in/content/mca/global/en/mca/e-filing/charge-management/form-chg6.html,MCA Services > Company e-Filing > Charge Management,MCA Services > Company e-Filing > Charge Management > Form CHG-6 - Intimation of appointment / cessation of receiver / manager,,0
3,Form CHG-8 - RD approval for delay in creation / modification / rectification of charge,/content/mca/global/en/mca/e-filing/charge-management/form-chg8.html,https://www.mca.gov.in/content/mca/global/en/mca/e-filing/charge-management/form-chg8.html,MCA Services > Company e-Filing > Charge Management,MCA Services > Company e-Filing > Charge Management > Form CHG-8 - RD approval for delay in creation / modification / rectification of charge,,0
3,Form CHG-9 - Intimation for registration of creation or modification of charge for debentures or rectification of particulars,/content/mca/global/en/mca/e-filing/charge-management/form-chg9.html,https://www.mca.gov.in/content/mca/global/en/mca/e-filing/charge-management/form-chg9.html,MCA Services > Company e-Filing > Charge Management,MCA Services > Company e-Filing > Charge Management > Form CHG-9 - Intimation for registration of creation or modification of charge for debentures or rectification of particulars,,0
2,Informational and Investor services,/content/mca/global/en/mca/e-filing/Informational-and-Investor-services.html,https://www.mca.gov.in/content/mca/global/en/mca/e-filing/Informational-and-Investor-services.html,MCA Services > Company e-Filing,MCA Services > Company e-Filing > Informational and Investor services,,9
3,INC-20A - Declaration for commencement of business,/content/mca/global/en/mca/e-filing/Informational-and-Investor-services/INC-20A.html,https://www.mca.gov.in/content/mca/global/en/mca/e-filing/Informational-and-Investor-services/INC-20A.html,MCA Services > Company e-Filing > Informational and Investor services,MCA Services > Company e-Filing > Informational and Investor services > INC-20A - Declaration for commencement of business,Declaration for commencement of business,0
3,INC-20 - Intimation of revocation of license issued u/s 8,/content/mca/global/en/mca/e-filing/Informational-and-Investor-services/INC-20.html,https://www.mca.gov.in/content/mca/global/en/mca/e-filing/Informational-and-Investor-services/INC-20.html,MCA Services > Company e-Filing > Informational and Investor services,MCA Services > Company e-Filing > Informational and Investor services > INC-20 - Intimation of revocation of license issued u/s 8,Intimation to Registrar of revocation of license issued under section 8,0
3,INC-28 - Notice of Order of the Court/Competent authority,/content/mca/global/en/mca/e-filing/Informational-and-Investor-services/INC-28.html,https://www.mca.gov.in/content/mca/global/en/mca/e-filing/Informational-and-Investor-services/INC-28.html,MCA Services > Company e-Filing > Informational and Investor services,MCA Services > Company e-Filing > Informational and Investor services > INC-28 - Notice of Order of the Court/Competent authority,Notice of Order of the Court or any other competent authority,0
3,CRL-1 - Return regarding number of layers,/content/mca/global/en/mca/e-filing/Informational-and-Investor-services/CRL-1.html,https://www.mca.gov.in/content/mca/global/en/mca/e-filing/Informational-and-Investor-services/CRL-1.html,MCA Services > Company e-Filing > Informational and Investor services,MCA Services > Company e-Filing > Informational and Investor services > CRL-1 - Return regarding number of layers,Return regarding number of layers,0
3,GNL-4 - Addendum to form,/content/mca/global/en/mca/e-filing/Informational-and-Investor-services/GNL-4.html,https://www.mca.gov.in/content/mca/global/en/mca/e-filing/Informational-and-Investor-services/GNL-4.html,MCA Services > Company e-Filing > Informational and Investor services,MCA Services > Company e-Filing > Informational and Investor services > GNL-4 - Addendum to form,Addendum to form,0
3,MGT-3 - Notice of situation where foreign register shall be kept,/content/mca/global/en/mca/e-filing/Informational-and-Investor-services/MGT-3.html,https://www.mca.gov.in/content/mca/global/en/mca/e-filing/Informational-and-Investor-services/MGT-3.html,MCA Services > Company e-Filing > Informational and Investor services,MCA Services > Company e-Filing > Informational and Investor services > MGT-3 - Notice of situation where foreign register shall be kept,"Notice of situation or change of situation or discontinuation of situation, of place where foreign register shall be kept",0
3,PAS-2 - Information Memorandum,/content/mca/global/en/mca/e-filing/Informational-and-Investor-services/form-pas-2.html,https://www.mca.gov.in/content/mca/global/en/mca/e-filing/Informational-and-Investor-services/form-pas-2.html,MCA Services > Company e-Filing > Informational and Investor services,MCA Services > Company e-Filing > Informational and Investor services > PAS-2 - Information Memorandum,Information Memorandum,0
3,Complaint form - Investor complaint form,/content/mca/global/en/mca/e-filing/Informational-and-Investor-services/complaint-form.html,https://www.mca.gov.in/content/mca/global/en/mca/e-filing/Informational-and-Investor-services/complaint-form.html,MCA Services > Company e-Filing > Informational and Investor services,MCA Services > Company e-Filing > Informational and Investor services > Complaint form - Investor complaint form,Complaint Form,0
3,Refund - Refund form,/content/mca/global/en/mca/e-filing/Informational-and-Investor-services/Refund.html,https://www.mca.gov.in/content/mca/global/en/mca/e-filing/Informational-and-Investor-services/Refund.html,MCA Services > Company e-Filing > Informational and Investor services,MCA Services > Company e-Filing > Informational and Investor services > Refund - Refund form,Refund form,0
2,Compliance Services,/content/mca/global/en/mca/e-filing/complianceServices.html,https://www.mca.gov.in/content/mca/global/en/mca/e-filing/complianceServices.html,MCA Services > Company e-Filing,MCA Services > Company e-Filing > Compliance Services,,18
3,ADT-1 - Appointment of auditor,/content/mca/global/en/mca/e-filing/complianceServices/ADT-1.html,https://www.mca.gov.in/content/mca/global/en/mca/e-filing/complianceServices/ADT-1.html,MCA Services > Company e-Filing > Compliance Services,MCA Services > Company e-Filing > Compliance Services > ADT-1 - Appointment of auditor,Information to the Registrar by company for appointment of auditor,0
3,ADT-3 - Resignation by the auditor,/content/mca/global/en/mca/e-filing/complianceServices/ADT-3.html,https://www.mca.gov.in/content/mca/global/en/mca/e-filing/complianceServices/ADT-3.html,MCA Services > Company e-Filing > Compliance Services,MCA Services > Company e-Filing > Compliance Services > ADT-3 - Resignation by the auditor,Notice of resignation by the auditor,0
3,BEN-2 - Return to the Registrar in respect of declaration under section 90,/content/mca/global/en/mca/e-filing/complianceServices/ben2.html,https://www.mca.gov.in/content/mca/global/en/mca/e-filing/complianceServices/ben2.html,MCA Services > Company e-Filing > Compliance Services,MCA Services > Company e-Filing > Compliance Services > BEN-2 - Return to the Registrar in respect of declaration under section 90, BEN-2 - Return to the Registrar in respect of declaration under section 90,0
3,CSR-1 – Registration of Entities for Undertaking CSR Activities,/content/mca/global/en/mca/e-filing/complianceServices/CSR-1.html,https://www.mca.gov.in/content/mca/global/en/mca/e-filing/complianceServices/CSR-1.html,MCA Services > Company e-Filing > Compliance Services,MCA Services > Company e-Filing > Compliance Services > CSR-1 – Registration of Entities for Undertaking CSR Activities,Registration of Entities for undertaking CSR Activities,0
3,INC-22A - Active Company Tagging Identities and Verification,/content/mca/global/en/mca/e-filing/complianceServices/INC-22A.html,https://www.mca.gov.in/content/mca/global/en/mca/e-filing/complianceServices/INC-22A.html,MCA Services > Company e-Filing > Compliance Services,MCA Services > Company e-Filing > Compliance Services > INC-22A - Active Company Tagging Identities and Verification,Active Company Tagging Identities and Verification (ACTIVE),0
3,MGT-14 - Resolutions and agreements u/s 117,/content/mca/global/en/mca/e-filing/complianceServices/form-mgt-14.html,https://www.mca.gov.in/content/mca/global/en/mca/e-filing/complianceServices/form-mgt-14.html,MCA Services > Company e-Filing > Compliance Services,MCA Services > Company e-Filing > Compliance Services > MGT-14 - Resolutions and agreements u/s 117,Filing of Resolutions and agreements to the Registrar under section 117,0
3,MSC-3 - Return of dormant companies,/content/mca/global/en/mca/e-filing/complianceServices/MSC-3.html,https://www.mca.gov.in/content/mca/global/en/mca/e-filing/complianceServices/MSC-3.html,MCA Services > Company e-Filing > Compliance Services,MCA Services > Company e-Filing > Compliance Services > MSC-3 - Return of dormant companies,Return of dormant companies,0
3,MSME - Half yearly return of Micro or Small Enterprise,/content/mca/global/en/mca/e-filing/complianceServices/MSME.html,https://www.mca.gov.in/content/mca/global/en/mca/e-filing/complianceServices/MSME.html,MCA Services > Company e-Filing > Compliance Services,MCA Services > Company e-Filing > Compliance Services > MSME - Half yearly return of Micro or Small Enterprise,Form for furnishing half yearly return with the registrar in respect of outstanding payments to Micro or Small Enterprise,0
3,PAS-3 - Return of Allotment,/content/mca/global/en/mca/e-filing/complianceServices/pas-3.html,https://www.mca.gov.in/content/mca/global/en/mca/e-filing/complianceServices/pas-3.html,MCA Services > Company e-Filing > Compliance Services,MCA Services > Company e-Filing > Compliance Services > PAS-3 - Return of Allotment,Return of Allotment,0
3,PAS-6 - Reconciliation of Share Capital Audit Report,/content/mca/global/en/mca/e-filing/complianceServices/PAS-6.html,https://www.mca.gov.in/content/mca/global/en/mca/e-filing/complianceServices/PAS-6.html,MCA Services > Company e-Filing > Compliance Services,MCA Services > Company e-Filing > Compliance Services > PAS-6 - Reconciliation of Share Capital Audit Report,Reconciliation of Share Capital Audit Report (Half-yearly),0
3,SH-11 - Buy-back of securities,/content/mca/global/en/mca/e-filing/complianceServices/SH-11.html,https://www.mca.gov.in/content/mca/global/en/mca/e-filing/complianceServices/SH-11.html,MCA Services > Company e-Filing > Compliance Services,MCA Services > Company e-Filing > Compliance Services > SH-11 - Buy-back of securities,Return in respect of buy-back of securities,0
3,GNL-2 - Submission of documents with the Registrar,/content/mca/global/en/mca/e-filing/complianceServices/GNL-2.html,https://www.mca.gov.in/content/mca/global/en/mca/e-filing/complianceServices/GNL-2.html,MCA Services > Company e-Filing > Compliance Services,MCA Services > Company e-Filing > Compliance Services > GNL-2 - Submission of documents with the Registrar,Form for submission of documents with the Registrar,0
3,GNL-3 - Particulars of person(s) of clause 60 of section 2,/content/mca/global/en/mca/e-filing/complianceServices/GNL-3.html,https://www.mca.gov.in/content/mca/global/en/mca/e-filing/complianceServices/GNL-3.html,MCA Services > Company e-Filing > Compliance Services,MCA Services > Company e-Filing > Compliance Services > GNL-3 - Particulars of person(s) of clause 60 of section 2,Particulars of person(s) charged for the purpose of sub-clause (iii) or (iv) of clause 60 of section 2,0
3,MGT-6 - Declaration under section 89,/content/mca/global/en/mca/e-filing/complianceServices/Form-MGT-6.html,https://www.mca.gov.in/content/mca/global/en/mca/e-filing/complianceServices/Form-MGT-6.html,MCA Services > Company e-Filing > Compliance Services,MCA Services > Company e-Filing > Compliance Services > MGT-6 - Declaration under section 89,Return to the Registrar in respect of declaration under section 89 received by the company,0
3,SH-8 - Letter of Offer,/content/mca/global/en/mca/e-filing/complianceServices/SH-8.html,https://www.mca.gov.in/content/mca/global/en/mca/e-filing/complianceServices/SH-8.html,MCA Services > Company e-Filing > Compliance Services,MCA Services > Company e-Filing > Compliance Services > SH-8 - Letter of Offer,Letter of Offer,0
3,SH-9 - Declaration of Solvency,/content/mca/global/en/mca/e-filing/complianceServices/SH-9.html,https://www.mca.gov.in/content/mca/global/en/mca/e-filing/complianceServices/SH-9.html,MCA Services > Company e-Filing > Compliance Services,MCA Services > Company e-Filing > Compliance Services > SH-9 - Declaration of Solvency,Declaration of Solvency,0
3,LEAP - 1 Form for submission of Prospectus with the Registrar,/content/mca/global/en/mca/e-filing/complianceServices/leap-1.html,https://www.mca.gov.in/content/mca/global/en/mca/e-filing/complianceServices/leap-1.html,MCA Services > Company e-Filing > Compliance Services,MCA Services > Company e-Filing > Compliance Services > LEAP - 1 Form for submission of Prospectus with the Registrar,Leap-1 Form,0
3,PAS-7 - Details of pending share warrants,/content/mca/global/en/mca/e-filing/complianceServices/PAS-7.html,https://www.mca.gov.in/content/mca/global/en/mca/e-filing/complianceServices/PAS-7.html,MCA Services > Company e-Filing > Compliance Services,MCA Services > Company e-Filing > Compliance Services > PAS-7 - Details of pending share warrants,Details of pending share warrants,0
2,Approval Services (ROC/RD/HQ),/content/mca/global/en/mca/e-filing/approval-services-roc-rd-hq.html,https://www.mca.gov.in/content/mca/global/en/mca/e-filing/approval-services-roc-rd-hq.html,MCA Services > Company e-Filing,MCA Services > Company e-Filing > Approval Services (ROC/RD/HQ),,15
3,INC-23 - Application to shift Registered Office,/content/mca/global/en/mca/e-filing/approval-services-roc-rd-hq/INC-23.html,https://www.mca.gov.in/content/mca/global/en/mca/e-filing/approval-services-roc-rd-hq/INC-23.html,MCA Services > Company e-Filing > Approval Services (ROC/RD/HQ),MCA Services > Company e-Filing > Approval Services (ROC/RD/HQ) > INC-23 - Application to shift Registered Office,Application to the Regional Director for approval to shift the Registered Office from one State to another state or from jurisdiction of one Registrar to another Registrar within the State,0
3,INC-18 - Conversion of section 8 company,/content/mca/global/en/mca/e-filing/approval-services-roc-rd-hq/form-inc18.html,https://www.mca.gov.in/content/mca/global/en/mca/e-filing/approval-services-roc-rd-hq/form-inc18.html,MCA Services > Company e-Filing > Approval Services (ROC/RD/HQ),MCA Services > Company e-Filing > Approval Services (ROC/RD/HQ) > INC-18 - Conversion of section 8 company,Application to Regional Director for conversion of section 8 company into any other kind of company,0
3,ADT-2 - Removal of auditor(s),/content/mca/global/en/mca/e-filing/approval-services-roc-rd-hq/ADT-2.html,https://www.mca.gov.in/content/mca/global/en/mca/e-filing/approval-services-roc-rd-hq/ADT-2.html,MCA Services > Company e-Filing > Approval Services (ROC/RD/HQ),MCA Services > Company e-Filing > Approval Services (ROC/RD/HQ) > ADT-2 - Removal of auditor(s),Application for removal of auditor(s) from his/their office before expiry of term,0
3,RD-1 - Filing application to Regional Director,/content/mca/global/en/mca/e-filing/approval-services-roc-rd-hq/form-rd-1.html,https://www.mca.gov.in/content/mca/global/en/mca/e-filing/approval-services-roc-rd-hq/form-rd-1.html,MCA Services > Company e-Filing > Approval Services (ROC/RD/HQ),MCA Services > Company e-Filing > Approval Services (ROC/RD/HQ) > RD-1 - Filing application to Regional Director,Form for filing application to Regional Director,0
3,ADJ - Memorandum of Appeal,/content/mca/global/en/mca/e-filing/approval-services-roc-rd-hq/form-adj.html,https://www.mca.gov.in/content/mca/global/en/mca/e-filing/approval-services-roc-rd-hq/form-adj.html,MCA Services > Company e-Filing > Approval Services (ROC/RD/HQ),MCA Services > Company e-Filing > Approval Services (ROC/RD/HQ) > ADJ - Memorandum of Appeal,Memorandum of Appeal - Form ADJ,0
3,INC-24 - Application for change of name,/content/mca/global/en/mca/e-filing/approval-services-roc-rd-hq/INC24.html,https://www.mca.gov.in/content/mca/global/en/mca/e-filing/approval-services-roc-rd-hq/INC24.html,MCA Services > Company e-Filing > Approval Services (ROC/RD/HQ),MCA Services > Company e-Filing > Approval Services (ROC/RD/HQ) > INC-24 - Application for change of name,,0
3,INC-12 - Application for License to an existing company u/s 8,/content/mca/global/en/mca/e-filing/approval-services-roc-rd-hq/form-inc12.html,https://www.mca.gov.in/content/mca/global/en/mca/e-filing/approval-services-roc-rd-hq/form-inc12.html,MCA Services > Company e-Filing > Approval Services (ROC/RD/HQ),MCA Services > Company e-Filing > Approval Services (ROC/RD/HQ) > INC-12 - Application for License to an existing company u/s 8,Application for grant of License to an existing company under section 8,0
3,MSC-1 - Application for obtaining status of dormant company,/content/mca/global/en/mca/e-filing/approval-services-roc-rd-hq/msc-1.html,https://www.mca.gov.in/content/mca/global/en/mca/e-filing/approval-services-roc-rd-hq/msc-1.html,MCA Services > Company e-Filing > Approval Services (ROC/RD/HQ),MCA Services > Company e-Filing > Approval Services (ROC/RD/HQ) > MSC-1 - Application for obtaining status of dormant company,Application to ROC for obtaining the status of dormant company,0
3,Form MSC-4 – Application for obtaining active status,/content/mca/global/en/mca/e-filing/approval-services-roc-rd-hq/msc-4.html,https://www.mca.gov.in/content/mca/global/en/mca/e-filing/approval-services-roc-rd-hq/msc-4.html,MCA Services > Company e-Filing > Approval Services (ROC/RD/HQ),MCA Services > Company e-Filing > Approval Services (ROC/RD/HQ) > Form MSC-4 – Application for obtaining active status,Application for seeking status of active company,0
3,STK-2 - Removal of name from Register of Companies,/content/mca/global/en/mca/e-filing/approval-services-roc-rd-hq/STK-2.html,https://www.mca.gov.in/content/mca/global/en/mca/e-filing/approval-services-roc-rd-hq/STK-2.html,MCA Services > Company e-Filing > Approval Services (ROC/RD/HQ),MCA Services > Company e-Filing > Approval Services (ROC/RD/HQ) > STK-2 - Removal of name from Register of Companies,Application by company to ROC for removing its name from Register of Companies,0
3,GNL-1 - Application with Registrar of Companies,/content/mca/global/en/mca/e-filing/approval-services-roc-rd-hq/GNL-1.html,https://www.mca.gov.in/content/mca/global/en/mca/e-filing/approval-services-roc-rd-hq/GNL-1.html,MCA Services > Company e-Filing > Approval Services (ROC/RD/HQ),MCA Services > Company e-Filing > Approval Services (ROC/RD/HQ) > GNL-1 - Application with Registrar of Companies,Form for filing an application with Registrar of Companies,0
3,MR-2 - CG Approval for Appointment/Reappointment of directors,/content/mca/global/en/mca/e-filing/approval-services-roc-rd-hq/MR-2.html,https://www.mca.gov.in/content/mca/global/en/mca/e-filing/approval-services-roc-rd-hq/MR-2.html,MCA Services > Company e-Filing > Approval Services (ROC/RD/HQ),MCA Services > Company e-Filing > Approval Services (ROC/RD/HQ) > MR-2 - CG Approval for Appointment/Reappointment of directors,Form of application to the Central Government for approval of appointment or reappointment and remuneration or increase in remuneration or waiver for excess or over payment to managing director or whole time director or manager and commission or remuneration to directors,0
3,ADT-4 - Form ADT-4 to the Central Government,/content/mca/global/en/mca/e-filing/approval-services-roc-rd-hq/form-adt4.html,https://www.mca.gov.in/content/mca/global/en/mca/e-filing/approval-services-roc-rd-hq/form-adt4.html,MCA Services > Company e-Filing > Approval Services (ROC/RD/HQ),MCA Services > Company e-Filing > Approval Services (ROC/RD/HQ) > ADT-4 - Form ADT-4 to the Central Government,Filing of Form ADT-4 to the Central Government,0
3,CRA-2 - Appointment of cost auditor,/content/mca/global/en/mca/e-filing/approval-services-roc-rd-hq/form-cra2.html,https://www.mca.gov.in/content/mca/global/en/mca/e-filing/approval-services-roc-rd-hq/form-cra2.html,MCA Services > Company e-Filing > Approval Services (ROC/RD/HQ),MCA Services > Company e-Filing > Approval Services (ROC/RD/HQ) > CRA-2 - Appointment of cost auditor,Application to the Central Government for appointment of cost auditor,0
3,Change Request Form,/content/mca/global/en/mca/e-filing/approval-services-roc-rd-hq/change-request.html,https://www.mca.gov.in/content/mca/global/en/mca/e-filing/approval-services-roc-rd-hq/change-request.html,MCA Services > Company e-Filing > Approval Services (ROC/RD/HQ),MCA Services > Company e-Filing > Approval Services (ROC/RD/HQ) > Change Request Form,Change request form,0
2,Annual Filings,/content/mca/global/en/mca/e-filing/annual-filings.html,https://www.mca.gov.in/content/mca/global/en/mca/e-filing/annual-filings.html,MCA Services > Company e-Filing,MCA Services > Company e-Filing > Annual Filings,,17
3,CRA-4 - Cost audit report,/content/mca/global/en/mca/e-filing/annual-filings/form-cra-4.html,https://www.mca.gov.in/content/mca/global/en/mca/e-filing/annual-filings/form-cra-4.html,MCA Services > Company e-Filing > Annual Filings,MCA Services > Company e-Filing > Annual Filings > CRA-4 - Cost audit report,Cost audit report,0
3,AOC-4 - Financial statement and other documents,/content/mca/global/en/mca/e-filing/annual-filings/form-aoc4.html,https://www.mca.gov.in/content/mca/global/en/mca/e-filing/annual-filings/form-aoc4.html,MCA Services > Company e-Filing > Annual Filings,MCA Services > Company e-Filing > Annual Filings > AOC-4 - Financial statement and other documents,Form for filing financial statement and other documents with the Registrar,0
3,AOC-4 - Financial statement and other documents - OFFLINE,/content/mca/global/en/mca/e-filing/annual-filings/form-aoc4-offline.html,https://www.mca.gov.in/content/mca/global/en/mca/e-filing/annual-filings/form-aoc4-offline.html,MCA Services > Company e-Filing > Annual Filings,MCA Services > Company e-Filing > Annual Filings > AOC-4 - Financial statement and other documents - OFFLINE,Form for filing financial statement and other documents with the Registrar Offline,0
3,CSR-2 - Reporting on CSR,/content/mca/global/en/mca/e-filing/annual-filings/CSR-2.html,https://www.mca.gov.in/content/mca/global/en/mca/e-filing/annual-filings/CSR-2.html,MCA Services > Company e-Filing > Annual Filings,MCA Services > Company e-Filing > Annual Filings > CSR-2 - Reporting on CSR,CSR-2 - Reporting on Corporate Social Responsibility,0
3,AOC-4 CFS - Consolidated financial statements,/content/mca/global/en/mca/e-filing/annual-filings/form-aoc4cfs.html,https://www.mca.gov.in/content/mca/global/en/mca/e-filing/annual-filings/form-aoc4cfs.html,MCA Services > Company e-Filing > Annual Filings,MCA Services > Company e-Filing > Annual Filings > AOC-4 CFS - Consolidated financial statements,Form for filing consolidated financial statements and other documents with the Registrar,0
3,AOC-4 CFS - Consolidated financial statements - OFFLINE,/content/mca/global/en/mca/e-filing/annual-filings/form-aoc4cfs-offline.html,https://www.mca.gov.in/content/mca/global/en/mca/e-filing/annual-filings/form-aoc4cfs-offline.html,MCA Services > Company e-Filing > Annual Filings,MCA Services > Company e-Filing > Annual Filings > AOC-4 CFS - Consolidated financial statements - OFFLINE,Form for filing consolidated financial statements and other documents with the Registrar Offline,0
3,AOC-4 NBFC - Financial statement for NBFCs,/content/mca/global/en/mca/e-filing/annual-filings/form-aoc4nbfc.html,https://www.mca.gov.in/content/mca/global/en/mca/e-filing/annual-filings/form-aoc4nbfc.html,MCA Services > Company e-Filing > Annual Filings,MCA Services > Company e-Filing > Annual Filings > AOC-4 NBFC - Financial statement for NBFCs,Form for filing financial statement and other documents with the Registrar for NBFCs,0
3,AOC-4 NBFC - Financial statement for NBFCs - OFFLINE,/content/mca/global/en/mca/e-filing/annual-filings/form-aoc4nbfc-offline.html,https://www.mca.gov.in/content/mca/global/en/mca/e-filing/annual-filings/form-aoc4nbfc-offline.html,MCA Services > Company e-Filing > Annual Filings,MCA Services > Company e-Filing > Annual Filings > AOC-4 NBFC - Financial statement for NBFCs - OFFLINE,Form for filing financial statement and other documents with the Registrar for NBFCs Offline,0
3,AOC-4 (XBRL) - Form for filing XBRL document in respect of financial statement and other documents with the Registrar,/content/mca/global/en/mca/e-filing/annual-filings/aoc-4-xbrl.html,https://www.mca.gov.in/content/mca/global/en/mca/e-filing/annual-filings/aoc-4-xbrl.html,MCA Services > Company e-Filing > Annual Filings,MCA Services > Company e-Filing > Annual Filings > AOC-4 (XBRL) - Form for filing XBRL document in respect of financial statement and other documents with the Registrar,Filing of Revised Financial Statement or the Board’s report with the Registrar of Companies (XBRL),0
3,AOC-5 - Notice of address at which books of account are maintained,/content/mca/global/en/mca/e-filing/annual-filings/AOC-5.html,https://www.mca.gov.in/content/mca/global/en/mca/e-filing/annual-filings/AOC-5.html,MCA Services > Company e-Filing > Annual Filings,MCA Services > Company e-Filing > Annual Filings > AOC-5 - Notice of address at which books of account are maintained,Notice of address at which books of account are maintained,0
3,AOC-4 NBFC CFS - Consolidated financial statements for NBFCs,/content/mca/global/en/mca/e-filing/annual-filings/form-aoc4cfsnbfc.html,https://www.mca.gov.in/content/mca/global/en/mca/e-filing/annual-filings/form-aoc4cfsnbfc.html,MCA Services > Company e-Filing > Annual Filings,MCA Services > Company e-Filing > Annual Filings > AOC-4 NBFC CFS - Consolidated financial statements for NBFCs,Form for filing consolidated financial statements and other documents with the Registrar for NBFCs,0
3,AOC-4 NBFC CFS - Consolidated financial statements for NBFCs - OFFLINE,/content/mca/global/en/mca/e-filing/annual-filings/form-aoc4cfsnbfc-offline.html,https://www.mca.gov.in/content/mca/global/en/mca/e-filing/annual-filings/form-aoc4cfsnbfc-offline.html,MCA Services > Company e-Filing > Annual Filings,MCA Services > Company e-Filing > Annual Filings > AOC-4 NBFC CFS - Consolidated financial statements for NBFCs - OFFLINE,Form for filing consolidated financial statements and other documents with the Registrar for NBFCs Offline,0
3,MGT-7 - Annual Return other than OPCs and Small Companies,/content/mca/global/en/mca/e-filing/annual-filings/form-mgt7.html,https://www.mca.gov.in/content/mca/global/en/mca/e-filing/annual-filings/form-mgt7.html,MCA Services > Company e-Filing > Annual Filings,MCA Services > Company e-Filing > Annual Filings > MGT-7 - Annual Return other than OPCs and Small Companies,Annual Return (other than OPCs and Small Companies),0
3,MGT-7 - Annual Return other than OPCs and Small Companies - OFFLINE,/content/mca/global/en/mca/e-filing/annual-filings/form-mgt7-offline.html,https://www.mca.gov.in/content/mca/global/en/mca/e-filing/annual-filings/form-mgt7-offline.html,MCA Services > Company e-Filing > Annual Filings,MCA Services > Company e-Filing > Annual Filings > MGT-7 - Annual Return other than OPCs and Small Companies - OFFLINE,Annual Return (other than OPCs and Small Companies) Offline,0
3,MGT-7A - Abridged Annual Return for OPCs and Small Companies,/content/mca/global/en/mca/e-filing/annual-filings/form-mgt7a.html,https://www.mca.gov.in/content/mca/global/en/mca/e-filing/annual-filings/form-mgt7a.html,MCA Services > Company e-Filing > Annual Filings,MCA Services > Company e-Filing > Annual Filings > MGT-7A - Abridged Annual Return for OPCs and Small Companies,Abridged Annual Return for OPCs and Small Companies,0
3,MGT-7A - Abridged Annual Return for OPCs and Small Companies - OFFLINE,/content/mca/global/en/mca/e-filing/annual-filings/form-mgt7a-offline.html,https://www.mca.gov.in/content/mca/global/en/mca/e-filing/annual-filings/form-mgt7a-offline.html,MCA Services > Company e-Filing > Annual Filings,MCA Services > Company e-Filing > Annual Filings > MGT-7A - Abridged Annual Return for OPCs and Small Companies - OFFLINE,Abridged Annual Return for OPCs and Small Companies Offline,0
3,MGT-15 - Report on Annual General Meeting,/content/mca/global/en/mca/e-filing/annual-filings/form-mgt15.html,https://www.mca.gov.in/content/mca/global/en/mca/e-filing/annual-filings/form-mgt15.html,MCA Services > Company e-Filing > Annual Filings,MCA Services > Company e-Filing > Annual Filings > MGT-15 - Report on Annual General Meeting,Report on Annual General Meeting,0
2,"Foreign company, Deposits & Nidhi services",/content/mca/global/en/mca/e-filing/foreigncompany-deposits-and-Nidhi-services.html,https://www.mca.gov.in/content/mca/global/en/mca/e-filing/foreigncompany-deposits-and-Nidhi-services.html,MCA Services > Company e-Filing,"MCA Services > Company e-Filing > Foreign company, Deposits & Nidhi services",,10
3,Form DPT 3 – Return of deposits,/content/mca/global/en/mca/e-filing/foreigncompany-deposits-and-Nidhi-services/DPT-3.html,https://www.mca.gov.in/content/mca/global/en/mca/e-filing/foreigncompany-deposits-and-Nidhi-services/DPT-3.html,"MCA Services > Company e-Filing > Foreign company, Deposits & Nidhi services","MCA Services > Company e-Filing > Foreign company, Deposits & Nidhi services > Form DPT 3 – Return of deposits",,0
3,Form DPT 4 – Statement regarding deposits existing on the commencement of the Act,/content/mca/global/en/mca/e-filing/foreigncompany-deposits-and-Nidhi-services/DPT-4.html,https://www.mca.gov.in/content/mca/global/en/mca/e-filing/foreigncompany-deposits-and-Nidhi-services/DPT-4.html,"MCA Services > Company e-Filing > Foreign company, Deposits & Nidhi services","MCA Services > Company e-Filing > Foreign company, Deposits & Nidhi services > Form DPT 4 – Statement regarding deposits existing on the commencement of the Act",,0
3,NDH-1 – Return of Statutory Compliances,/content/mca/global/en/mca/e-filing/foreigncompany-deposits-and-Nidhi-services/form-ndh1.html,https://www.mca.gov.in/content/mca/global/en/mca/e-filing/foreigncompany-deposits-and-Nidhi-services/form-ndh1.html,"MCA Services > Company e-Filing > Foreign company, Deposits & Nidhi services","MCA Services > Company e-Filing > Foreign company, Deposits & Nidhi services > NDH-1 – Return of Statutory Compliances",Return of Statutory Compliances,0
3,NDH-2 - Application for extension of time,/content/mca/global/en/mca/e-filing/foreigncompany-deposits-and-Nidhi-services/form-ndh2.html,https://www.mca.gov.in/content/mca/global/en/mca/e-filing/foreigncompany-deposits-and-Nidhi-services/form-ndh2.html,"MCA Services > Company e-Filing > Foreign company, Deposits & Nidhi services","MCA Services > Company e-Filing > Foreign company, Deposits & Nidhi services > NDH-2 - Application for extension of time",Application for extension of time,0
3,NDH-3 - Return of Nidhi Company (Half year),/content/mca/global/en/mca/e-filing/foreigncompany-deposits-and-Nidhi-services/form-ndh3.html,https://www.mca.gov.in/content/mca/global/en/mca/e-filing/foreigncompany-deposits-and-Nidhi-services/form-ndh3.html,"MCA Services > Company e-Filing > Foreign company, Deposits & Nidhi services","MCA Services > Company e-Filing > Foreign company, Deposits & Nidhi services > NDH-3 - Return of Nidhi Company (Half year)",Return of Nidhi Company for the half year ended,0
3,NDH-4 - Declaration as Nidhi Company,/content/mca/global/en/mca/e-filing/foreigncompany-deposits-and-Nidhi-services/ndh-4-.html,https://www.mca.gov.in/content/mca/global/en/mca/e-filing/foreigncompany-deposits-and-Nidhi-services/ndh-4-.html,"MCA Services > Company e-Filing > Foreign company, Deposits & Nidhi services","MCA Services > Company e-Filing > Foreign company, Deposits & Nidhi services > NDH-4 - Declaration as Nidhi Company",Form for filing application for declaration as Nidhi Company or updation of status by Nidhis.,0
3,FC-1 - Information by foreign company,/content/mca/global/en/mca/e-filing/foreigncompany-deposits-and-Nidhi-services/FormFC1.html,https://www.mca.gov.in/content/mca/global/en/mca/e-filing/foreigncompany-deposits-and-Nidhi-services/FormFC1.html,"MCA Services > Company e-Filing > Foreign company, Deposits & Nidhi services","MCA Services > Company e-Filing > Foreign company, Deposits & Nidhi services > FC-1 - Information by foreign company",Information by foreign company,0
3,FC-2 - Alteration in the documents of foreign company,/content/mca/global/en/mca/e-filing/foreigncompany-deposits-and-Nidhi-services/FC-2-Alteration-in-the-documents-of-foreign-company.html,https://www.mca.gov.in/content/mca/global/en/mca/e-filing/foreigncompany-deposits-and-Nidhi-services/FC-2-Alteration-in-the-documents-of-foreign-company.html,"MCA Services > Company e-Filing > Foreign company, Deposits & Nidhi services","MCA Services > Company e-Filing > Foreign company, Deposits & Nidhi services > FC-2 - Alteration in the documents of foreign company",Alteration in the documents of foreign company,0
3,FC-3 - Annual accounts by foreign company,/content/mca/global/en/mca/e-filing/foreigncompany-deposits-and-Nidhi-services/FC-3.html,https://www.mca.gov.in/content/mca/global/en/mca/e-filing/foreigncompany-deposits-and-Nidhi-services/FC-3.html,"MCA Services > Company e-Filing > Foreign company, Deposits & Nidhi services","MCA Services > Company e-Filing > Foreign company, Deposits & Nidhi services > FC-3 - Annual accounts by foreign company",Annual accounts along with the list of all principal places of business in India established by foreign company,0
3,FC-4 - Annual accounts by foreign company,/content/mca/global/en/mca/e-filing/foreigncompany-deposits-and-Nidhi-services/FC-4.html,https://www.mca.gov.in/content/mca/global/en/mca/e-filing/foreigncompany-deposits-and-Nidhi-services/FC-4.html,"MCA Services > Company e-Filing > Foreign company, Deposits & Nidhi services","MCA Services > Company e-Filing > Foreign company, Deposits & Nidhi services > FC-4 - Annual accounts by foreign company",Annual accounts along with the list of all principal places of business in India established by foreign company,0
2,Companies Act 1956 Forms,/content/mca/global/en/mca/e-filing/companies-act-1956-forms.html,https://www.mca.gov.in/content/mca/global/en/mca/e-filing/companies-act-1956-forms.html,MCA Services > Company e-Filing,MCA Services > Company e-Filing > Companies Act 1956 Forms,,10
3,Form 20B - Filing annual return by a company having a share capital with the Registrar,/content/mca/global/en/mca/e-filing/companies-act-1956-forms/form-20b.html,https://www.mca.gov.in/content/mca/global/en/mca/e-filing/companies-act-1956-forms/form-20b.html,MCA Services > Company e-Filing > Companies Act 1956 Forms,MCA Services > Company e-Filing > Companies Act 1956 Forms > Form 20B - Filing annual return by a company having a share capital with the Registrar,Form 20B - Filing annual return by a company having a share capital with the Registrar,0
3,Form 21A - Particulars of annual return for the company not having share capital,/content/mca/global/en/mca/e-filing/companies-act-1956-forms/form-21a.html,https://www.mca.gov.in/content/mca/global/en/mca/e-filing/companies-act-1956-forms/form-21a.html,MCA Services > Company e-Filing > Companies Act 1956 Forms,MCA Services > Company e-Filing > Companies Act 1956 Forms > Form 21A - Particulars of annual return for the company not having share capital,Form 21A - Particulars of annual return for the company not having share capital,0
3,23AC - Filing balance sheet,/content/mca/global/en/mca/e-filing/companies-act-1956-forms/form-23ac.html,https://www.mca.gov.in/content/mca/global/en/mca/e-filing/companies-act-1956-forms/form-23ac.html,MCA Services > Company e-Filing > Companies Act 1956 Forms,MCA Services > Company e-Filing > Companies Act 1956 Forms > 23AC - Filing balance sheet,Form for filing balance sheet and other documents with the Registrar,0
3,23AC XBRL - Filing XBRL document (Balance sheet),/content/mca/global/en/mca/e-filing/companies-act-1956-forms/form-23ac-xbrl.html,https://www.mca.gov.in/content/mca/global/en/mca/e-filing/companies-act-1956-forms/form-23ac-xbrl.html,MCA Services > Company e-Filing > Companies Act 1956 Forms,MCA Services > Company e-Filing > Companies Act 1956 Forms > 23AC XBRL - Filing XBRL document (Balance sheet),Form for filing XBRL document in respect of balance sheet and other documents with the Registrar,0
3,Form 23B - Information by auditor to Registrar,/content/mca/global/en/mca/e-filing/companies-act-1956-forms/form-23b.html,https://www.mca.gov.in/content/mca/global/en/mca/e-filing/companies-act-1956-forms/form-23b.html,MCA Services > Company e-Filing > Companies Act 1956 Forms,MCA Services > Company e-Filing > Companies Act 1956 Forms > Form 23B - Information by auditor to Registrar,Form 23B - Information by auditor to Registrar,0
3,Form 23C - Application for appointment of cost auditor,/content/mca/global/en/mca/e-filing/companies-act-1956-forms/form-23c.html,https://www.mca.gov.in/content/mca/global/en/mca/e-filing/companies-act-1956-forms/form-23c.html,MCA Services > Company e-Filing > Companies Act 1956 Forms,MCA Services > Company e-Filing > Companies Act 1956 Forms > Form 23C - Application for appointment of cost auditor,Form 23C - Application for appointment of cost auditor,0
3,Form 23D - Information by cost auditor to Central Government,/content/mca/global/en/mca/e-filing/companies-act-1956-forms/form-23d.html,https://www.mca.gov.in/content/mca/global/en/mca/e-filing/companies-act-1956-forms/form-23d.html,MCA Services > Company e-Filing > Companies Act 1956 Forms,MCA Services > Company e-Filing > Companies Act 1956 Forms > Form 23D - Information by cost auditor to Central Government,Form 23D - Information by cost auditor to Central Government,0
3,Form A-XBRL - Filing XBRL document in respect of compliance report and other documents with the Central Government,/content/mca/global/en/mca/e-filing/companies-act-1956-forms/form-a-xbrl.html,https://www.mca.gov.in/content/mca/global/en/mca/e-filing/companies-act-1956-forms/form-a-xbrl.html,MCA Services > Company e-Filing > Companies Act 1956 Forms,MCA Services > Company e-Filing > Companies Act 1956 Forms > Form A-XBRL - Filing XBRL document in respect of compliance report and other documents with the Central Government,Form A-XBRL - Filing XBRL document in respect of compliance report and other documents with the Central Government,0
3,Form 66 - Submission of compliance certificate with the Registrar,/content/mca/global/en/mca/e-filing/companies-act-1956-forms/form-66.html,https://www.mca.gov.in/content/mca/global/en/mca/e-filing/companies-act-1956-forms/form-66.html,MCA Services > Company e-Filing > Companies Act 1956 Forms,MCA Services > Company e-Filing > Companies Act 1956 Forms > Form 66 - Submission of compliance certificate with the Registrar,Form 66 - Submission of compliance certificate with the Registrar,0
3,Form I-XBRL - Filing XBRL document in respect of cost audit report and other documents with the Central Government,/content/mca/global/en/mca/e-filing/companies-act-1956-forms/form-i-xbrl.html,https://www.mca.gov.in/content/mca/global/en/mca/e-filing/companies-act-1956-forms/form-i-xbrl.html,MCA Services > Company e-Filing > Companies Act 1956 Forms,MCA Services > Company e-Filing > Companies Act 1956 Forms > Form I-XBRL - Filing XBRL document in respect of cost audit report and other documents with the Central Government,Form I-XBRL - Filing XBRL document in respect of cost audit report and other documents with the Central Government ,0
1,Complaints,/content/mca/global/en/mca/complaints.html,https://www.mca.gov.in/content/mca/global/en/mca/complaints.html,MCA Services,MCA Services > Complaints,,3
2,Create Service Related Complaint,/content/mca/global/en/mca/complaints/create-service-related-complaint.html,https://www.mca.gov.in/content/mca/global/en/mca/complaints/create-service-related-complaint.html,MCA Services > Complaints,MCA Services > Complaints > Create Service Related Complaint,,0
2,Track/Update Service Related Complaint,/content/mca/global/en/mca/complaints/track-service-related-complaint.html,https://www.mca.gov.in/content/mca/global/en/mca/complaints/track-service-related-complaint.html,MCA Services > Complaints,MCA Services > Complaints > Track/Update Service Related Complaint,,0
2,FeedBack/Suggestions,/content/mca/global/en/mca/complaints/feedback-suggestions.html,https://www.mca.gov.in/content/mca/global/en/mca/complaints/feedback-suggestions.html,MCA Services > Complaints,MCA Services > Complaints > FeedBack/Suggestions,,0
1,Document Related Services,/content/mca/global/en/mca/document-related-services.html,https://www.mca.gov.in/content/mca/global/en/mca/document-related-services.html,MCA Services,MCA Services > Document Related Services,,3
2,View Public Documents V3,/content/mca/global/en/mca/document-related-services/view-public-documents-v3.html,https://www.mca.gov.in/content/mca/global/en/mca/document-related-services/view-public-documents-v3.html,MCA Services > Document Related Services,MCA Services > Document Related Services > View Public Documents V3,View Public Documents V3,3
3,View Public Documents,/content/mca/global/en/mca/document-related-services/view-public-documents-v3/view-public-documents.html,https://www.mca.gov.in/content/mca/global/en/mca/document-related-services/view-public-documents-v3/view-public-documents.html,MCA Services > Document Related Services > View Public Documents V3,MCA Services > Document Related Services > View Public Documents V3 > View Public Documents,View Public Documents,0
3,My Cart,/content/mca/global/en/mca/document-related-services/view-public-documents-v3/mycart.html,https://www.mca.gov.in/content/mca/global/en/mca/document-related-services/view-public-documents-v3/mycart.html,MCA Services > Document Related Services > View Public Documents V3,MCA Services > Document Related Services > View Public Documents V3 > My Cart,My Cart,0
3,Workspace,/content/mca/global/en/mca/document-related-services/view-public-documents-v3/workspace.html,https://www.mca.gov.in/content/mca/global/en/mca/document-related-services/view-public-documents-v3/workspace.html,MCA Services > Document Related Services > View Public Documents V3,MCA Services > Document Related Services > View Public Documents V3 > Workspace,Workspace,0
2,Get Certified Copies,/content/mca/global/en/mca/document-related-services/get-certified-copies-v3.html,https://www.mca.gov.in/content/mca/global/en/mca/document-related-services/get-certified-copies-v3.html,MCA Services > Document Related Services,MCA Services > Document Related Services > Get Certified Copies,Get Certified Copies,2
3,My Cart GCC,/content/mca/global/en/mca/document-related-services/get-certified-copies-v3/my-cart-gcc.html,https://www.mca.gov.in/content/mca/global/en/mca/document-related-services/get-certified-copies-v3/my-cart-gcc.html,MCA Services > Document Related Services > Get Certified Copies,MCA Services > Document Related Services > Get Certified Copies > My Cart GCC,,0
3,My Workspace GCC,/content/mca/global/en/mca/document-related-services/get-certified-copies-v3/my-workspace-gcc.html,https://www.mca.gov.in/content/mca/global/en/mca/document-related-services/get-certified-copies-v3/my-workspace-gcc.html,MCA Services > Document Related Services > Get Certified Copies,MCA Services > Document Related Services > Get Certified Copies > My Workspace GCC,,0
2,Request For Scanned Documents,/content/mca/global/en/mca/document-related-services/request-for-scanned-documents-v3.html,https://www.mca.gov.in/content/mca/global/en/mca/document-related-services/request-for-scanned-documents-v3.html,MCA Services > Document Related Services,MCA Services > Document Related Services > Request For Scanned Documents,Request For Scanned Documents,0
1,Fee And Payment Services,/content/mca/global/en/mca/fee-and-payment-services.html,https://www.mca.gov.in/content/mca/global/en/mca/fee-and-payment-services.html,MCA Services,MCA Services > Fee And Payment Services,,3
2,Pay Miscellaneous Fee,/content/mca/global/en/mca/fee-and-payment-services/pay-miscellaneous-fee.html,https://www.mca.gov.in/content/mca/global/en/mca/fee-and-payment-services/pay-miscellaneous-fee.html,MCA Services > Fee And Payment Services,MCA Services > Fee And Payment Services > Pay Miscellaneous Fee,,0
2,Pay Stamp Duty,/content/mca/global/en/mca/fee-and-payment-services/pay-stamp-duty.html,https://www.mca.gov.in/content/mca/global/en/mca/fee-and-payment-services/pay-stamp-duty.html,MCA Services > Fee And Payment Services,MCA Services > Fee And Payment Services > Pay Stamp Duty,,0
2,Track Payment Status,/content/mca/global/en/mca/fee-and-payment-services/track-payment-status.html,https://www.mca.gov.in/content/mca/global/en/mca/fee-and-payment-services/track-payment-status.html,MCA Services > Fee And Payment Services,MCA Services > Fee And Payment Services > Track Payment Status,,0
1,IEPF related services,/content/mca/global/en/mca/iepf-related-services.html,https://www.mca.gov.in/content/mca/global/en/mca/iepf-related-services.html,MCA Services,MCA Services > IEPF related services,,7
2,IEPF-1 - Statement of amounts credited/Transfer of amounts,/content/mca/global/en/mca/iepf-related-services/IEPF-1.html,https://www.mca.gov.in/content/mca/global/en/mca/iepf-related-services/IEPF-1.html,MCA Services > IEPF related services,MCA Services > IEPF related services > IEPF-1 - Statement of amounts credited/Transfer of amounts,Statement of amounts credited to IEPF or transfer of amounts on account of shares transferred to the fund ,0
2,IEPF-1A - Statement of amounts credited,/content/mca/global/en/mca/iepf-related-services/IEPF-1A.html,https://www.mca.gov.in/content/mca/global/en/mca/iepf-related-services/IEPF-1A.html,MCA Services > IEPF related services,MCA Services > IEPF related services > IEPF-1A - Statement of amounts credited,Statement of amounts credited to Investor Education and Protection Fund,0
2,IEPF-2 - Statement of unclaimed/unpaid amounts,/content/mca/global/en/mca/iepf-related-services/IEPF-2.html,https://www.mca.gov.in/content/mca/global/en/mca/iepf-related-services/IEPF-2.html,MCA Services > IEPF related services,MCA Services > IEPF related services > IEPF-2 - Statement of unclaimed/unpaid amounts,Statement of unclaimed or unpaid amounts and details of Nodal Officer,0
2,IEPF-4 - Statement of shares and unclaimed/unpaid amounts,/content/mca/global/en/mca/iepf-related-services/IEPF-4.html,https://www.mca.gov.in/content/mca/global/en/mca/iepf-related-services/IEPF-4.html,MCA Services > IEPF related services,MCA Services > IEPF related services > IEPF-4 - Statement of shares and unclaimed/unpaid amounts,Statement of shares and unclaimed or unpaid amounts to be transferred to the Investor Education and Protection Fund,0
2,IEPF-5 Web form - Claiming unpaid amounts and shares,/content/mca/global/en/mca/iepf-related-services/IEPF-5.html,https://www.mca.gov.in/content/mca/global/en/mca/iepf-related-services/IEPF-5.html,MCA Services > IEPF related services,MCA Services > IEPF related services > IEPF-5 Web form - Claiming unpaid amounts and shares,Application to the Authority for claiming unpaid amounts and shares out of Investor Education and Protection Fund (IEPF),0
2,Search Unclaimed/ Unpaid Amount and Shares,/content/mca/global/en/mca/iepf-related-services/search-unclaimed-unpaid-amount-shares.html,https://www.mca.gov.in/content/mca/global/en/mca/iepf-related-services/search-unclaimed-unpaid-amount-shares.html,MCA Services > IEPF related services,MCA Services > IEPF related services > Search Unclaimed/ Unpaid Amount and Shares,,0
2,Details of Nodal Officer and Deputy Nodal officer,/content/mca/global/en/mca/iepf-related-services/details-of-nodal-officer-and-deputy-nodal-officer.html,https://www.mca.gov.in/content/mca/global/en/mca/iepf-related-services/details-of-nodal-officer-and-deputy-nodal-officer.html,MCA Services > IEPF related services,MCA Services > IEPF related services > Details of Nodal Officer and Deputy Nodal officer,,0
1,ID Databank services,/content/mca/global/en/mca/id-databank-services.html,https://www.mca.gov.in/content/mca/global/en/mca/id-databank-services.html,MCA Services,MCA Services > ID Databank services,,2
2,Corporate Registration,/content/mca/global/en/mca/id-databank-services/corporate-registration-v3-new.html,https://www.mca.gov.in/content/mca/global/en/mca/id-databank-services/corporate-registration-v3-new.html,MCA Services > ID Databank services,MCA Services > ID Databank services > Corporate Registration,,0
2,Individual Registration,/content/mca/global/en/mca/id-databank-services/individual-registration-v3-new.html,https://www.mca.gov.in/content/mca/global/en/mca/id-databank-services/individual-registration-v3-new.html,MCA Services > ID Databank services,MCA Services > ID Databank services > Individual Registration,,0
1,Address For Sending Physical Copy of G.A.R 33,/content/mca/global/en/mca/address-for-sending-physical-copy-of-gar-33.html,https://www.mca.gov.in/content/mca/global/en/mca/address-for-sending-physical-copy-of-gar-33.html,MCA Services,MCA Services > Address For Sending Physical Copy of G.A.R 33,,0
1,Public Search of Trademark,https://tmrsearch.ipindia.gov.in/tmrpublicsearch/frmmain.aspx,https://tmrsearch.ipindia.gov.in/tmrpublicsearch/frmmain.aspx,MCA Services,MCA Services > Public Search of Trademark,,0
1,Application for MHA Security Clearance,https://esahajmcaservices.nic.in/,https://esahajmcaservices.nic.in/,MCA Services,MCA Services > Application for MHA Security Clearance,,0
0,Additional Services,/content/mca/global/en/additional-services.html,https://www.mca.gov.in/content/mca/global/en/additional-services.html,,Additional Services,,4
1,Enforcement,/content/mca/global/en/additional-services/Enforcement.html,https://www.mca.gov.in/content/mca/global/en/additional-services/Enforcement.html,Additional Services,Additional Services > Enforcement,,0
1,E-adjudication,/content/mca/global/en/additional-services/E-adjudication.html,https://www.mca.gov.in/content/mca/global/en/additional-services/E-adjudication.html,Additional Services,Additional Services > E-adjudication,,0
1,Appeal,/content/mca/global/en/additional-services/appeal.html,https://www.mca.gov.in/content/mca/global/en/additional-services/appeal.html,Additional Services,Additional Services > Appeal,,0
1,E-Consultation,/content/mca/global/en/additional-services/econsultation.html,https://www.mca.gov.in/content/mca/global/en/additional-services/econsultation.html,Additional Services,Additional Services > E-Consultation,,0
0,Data & Reports,/content/mca/global/en/data-and-reports.html,https://www.mca.gov.in/content/mca/global/en/data-and-reports.html,,Data & Reports,,3
1,Reports,/content/mca/global/en/data-and-reports/reports.html,https://www.mca.gov.in/content/mca/global/en/data-and-reports/reports.html,Data & Reports,Data & Reports > Reports,,5
2,Annual Reports,/content/mca/global/en/data-and-reports/reports/annual-reports.html,https://www.mca.gov.in/content/mca/global/en/data-and-reports/reports/annual-reports.html,Data & Reports > Reports,Data & Reports > Reports > Annual Reports,,3
3,Annual Report,/content/mca/global/en/data-and-reports/reports/annual-reports/annual-report.html,https://www.mca.gov.in/content/mca/global/en/data-and-reports/reports/annual-reports/annual-report.html,Data & Reports > Reports > Annual Reports,Data & Reports > Reports > Annual Reports > Annual Report,,0
3,"Annual Reports on Working & Administration of Companies Act, 2013",/content/mca/global/en/data-and-reports/reports/annual-reports/companies-2013.html,https://www.mca.gov.in/content/mca/global/en/data-and-reports/reports/annual-reports/companies-2013.html,Data & Reports > Reports > Annual Reports,"Data & Reports > Reports > Annual Reports > Annual Reports on Working & Administration of Companies Act, 2013",,0
3,"Annual Reports on Working & Administration of Companies Act, 1956",/content/mca/global/en/data-and-reports/reports/annual-reports/companies-1956.html,https://www.mca.gov.in/content/mca/global/en/data-and-reports/reports/annual-reports/companies-1956.html,Data & Reports > Reports > Annual Reports,"Data & Reports > Reports > Annual Reports > Annual Reports on Working & Administration of Companies Act, 1956",,0
2,Monthly Information Bulletin,/content/mca/global/en/data-and-reports/reports/monthly-information-bulletin.html,https://www.mca.gov.in/content/mca/global/en/data-and-reports/reports/monthly-information-bulletin.html,Data & Reports > Reports,Data & Reports > Reports > Monthly Information Bulletin,,0
2,Report Of The Expert Committee On Company Law,/content/mca/global/en/data-and-reports/reports/report-company-law.html,https://www.mca.gov.in/content/mca/global/en/data-and-reports/reports/report-company-law.html,Data & Reports > Reports,Data & Reports > Reports > Report Of The Expert Committee On Company Law,,0
2,Expert Committee Reports,/content/mca/global/en/data-and-reports/reports/library.html,https://www.mca.gov.in/content/mca/global/en/data-and-reports/reports/library.html,Data & Reports > Reports,Data & Reports > Reports > Expert Committee Reports,,0
2,Miscellaneous,/content/mca/global/en/data-and-reports/reports/miscellaneous.html,https://www.mca.gov.in/content/mca/global/en/data-and-reports/reports/miscellaneous.html,Data & Reports > Reports,Data & Reports > Reports > Miscellaneous,,1
3,Compendium-on-CSR,/content/mca/global/en/data-and-reports/reports/miscellaneous/compendium-on-csr.html,https://www.mca.gov.in/content/mca/global/en/data-and-reports/reports/miscellaneous/compendium-on-csr.html,Data & Reports > Reports > Miscellaneous,Data & Reports > Reports > Miscellaneous > Compendium-on-CSR,,0
1,Company/LLP Information,/content/mca/global/en/data-and-reports/company-llp-info.html,https://www.mca.gov.in/content/mca/global/en/data-and-reports/company-llp-info.html,Data & Reports,Data & Reports > Company/LLP Information,,4
2,Incorporated Or Closed During The Month,/content/mca/global/en/data-and-reports/company-llp-info/incorporated-closed-month.html,https://www.mca.gov.in/content/mca/global/en/data-and-reports/company-llp-info/incorporated-closed-month.html,Data & Reports > Company/LLP Information,Data & Reports > Company/LLP Information > Incorporated Or Closed During The Month,,0
2,CSR Data & Summary,/content/mca/global/en/data-and-reports/company-llp-info/csr-data-summary.html,https://www.mca.gov.in/content/mca/global/en/data-and-reports/company-llp-info/csr-data-summary.html,Data & Reports > Company/LLP Information,Data & Reports > Company/LLP Information > CSR Data & Summary,,0
2,PUC Range Wise,/content/mca/global/en/data-and-reports/company-llp-info/puc-range-wise.html,https://www.mca.gov.in/content/mca/global/en/data-and-reports/company-llp-info/puc-range-wise.html,Data & Reports > Company/LLP Information,Data & Reports > Company/LLP Information > PUC Range Wise,,0
2,Companies Under Alert,/content/mca/global/en/data-and-reports/company-llp-info/under-alert.html,https://www.mca.gov.in/content/mca/global/en/data-and-reports/company-llp-info/under-alert.html,Data & Reports > Company/LLP Information,Data & Reports > Company/LLP Information > Companies Under Alert,,10
3,MLM Companies,/content/mca/global/en/data-and-reports/company-llp-info/under-alert/mlm.html,https://www.mca.gov.in/content/mca/global/en/data-and-reports/company-llp-info/under-alert/mlm.html,Data & Reports > Company/LLP Information > Companies Under Alert,Data & Reports > Company/LLP Information > Companies Under Alert > MLM Companies,,0
3,Vanishing Companies,/content/mca/global/en/data-and-reports/company-llp-info/under-alert/vanishing-companies.html,https://www.mca.gov.in/content/mca/global/en/data-and-reports/company-llp-info/under-alert/vanishing-companies.html,Data & Reports > Company/LLP Information > Companies Under Alert,Data & Reports > Company/LLP Information > Companies Under Alert > Vanishing Companies,,0
3,Disqualified Directors,/content/mca/global/en/data-and-reports/company-llp-info/under-alert/disqualified-directors.html,https://www.mca.gov.in/content/mca/global/en/data-and-reports/company-llp-info/under-alert/disqualified-directors.html,Data & Reports > Company/LLP Information > Companies Under Alert,Data & Reports > Company/LLP Information > Companies Under Alert > Disqualified Directors,,0
3,Defaulter Companies,/content/mca/global/en/data-and-reports/company-llp-info/under-alert/defaulter-companies.html,https://www.mca.gov.in/content/mca/global/en/data-and-reports/company-llp-info/under-alert/defaulter-companies.html,Data & Reports > Company/LLP Information > Companies Under Alert,Data & Reports > Company/LLP Information > Companies Under Alert > Defaulter Companies,,0
3,Defaulter Directors,/content/mca/global/en/data-and-reports/company-llp-info/under-alert/defaulter-directors.html,https://www.mca.gov.in/content/mca/global/en/data-and-reports/company-llp-info/under-alert/defaulter-directors.html,Data & Reports > Company/LLP Information > Companies Under Alert,Data & Reports > Company/LLP Information > Companies Under Alert > Defaulter Directors,,0
3,Defaulter Secretaries,/content/mca/global/en/data-and-reports/company-llp-info/under-alert/defaulter-secretaries.html,https://www.mca.gov.in/content/mca/global/en/data-and-reports/company-llp-info/under-alert/defaulter-secretaries.html,Data & Reports > Company/LLP Information > Companies Under Alert,Data & Reports > Company/LLP Information > Companies Under Alert > Defaulter Secretaries,,0
3,Dormant Companies,/content/mca/global/en/data-and-reports/company-llp-info/under-alert/dormant-companies.html,https://www.mca.gov.in/content/mca/global/en/data-and-reports/company-llp-info/under-alert/dormant-companies.html,Data & Reports > Company/LLP Information > Companies Under Alert,Data & Reports > Company/LLP Information > Companies Under Alert > Dormant Companies,,0
3,Companies under strike off,/content/mca/global/en/data-and-reports/company-llp-info/under-alert/companies-under-strike-off.html,https://www.mca.gov.in/content/mca/global/en/data-and-reports/company-llp-info/under-alert/companies-under-strike-off.html,Data & Reports > Company/LLP Information > Companies Under Alert,Data & Reports > Company/LLP Information > Companies Under Alert > Companies under strike off,,0
3,LLPs under strike off,/content/mca/global/en/data-and-reports/company-llp-info/under-alert/llps-under-strike-off.html,https://www.mca.gov.in/content/mca/global/en/data-and-reports/company-llp-info/under-alert/llps-under-strike-off.html,Data & Reports > Company/LLP Information > Companies Under Alert,Data & Reports > Company/LLP Information > Companies Under Alert > LLPs under strike off,,0
3,Companies not filed 5INV,/content/mca/global/en/data-and-reports/company-llp-info/under-alert/companies-nf-5inv.html,https://www.mca.gov.in/content/mca/global/en/data-and-reports/company-llp-info/under-alert/companies-nf-5inv.html,Data & Reports > Company/LLP Information > Companies Under Alert,Data & Reports > Company/LLP Information > Companies Under Alert > Companies not filed 5INV,,0
1,RD/ROC Information,/content/mca/global/en/data-and-reports/rd-roc-info.html,https://www.mca.gov.in/content/mca/global/en/data-and-reports/rd-roc-info.html,Data & Reports,Data & Reports > RD/ROC Information,,12
2,"List Of Companies Struck-Off By RoCs (STK-7) U/S 248(5) – CA,13",/content/mca/global/en/data-and-reports/rd-roc-info/companies-struck-roc.html,https://www.mca.gov.in/content/mca/global/en/data-and-reports/rd-roc-info/companies-struck-roc.html,Data & Reports > RD/ROC Information,"Data & Reports > RD/ROC Information > List Of Companies Struck-Off By RoCs (STK-7) U/S 248(5) – CA,13",,0
2,"Notice Of Strike-Off By Registrar(STK-7) As Per Sec. 248(1)-CA,13",/content/mca/global/en/data-and-reports/rd-roc-info/strike-off-notice-registrar.html,https://www.mca.gov.in/content/mca/global/en/data-and-reports/rd-roc-info/strike-off-notice-registrar.html,Data & Reports > RD/ROC Information,"Data & Reports > RD/ROC Information > Notice Of Strike-Off By Registrar(STK-7) As Per Sec. 248(1)-CA,13",,0
2,"Public Notices (STK-5) U/S 248(1)-CA,13",/content/mca/global/en/data-and-reports/rd-roc-info/public-notices.html,https://www.mca.gov.in/content/mca/global/en/data-and-reports/rd-roc-info/public-notices.html,Data & Reports > RD/ROC Information,"Data & Reports > RD/ROC Information > Public Notices (STK-5) U/S 248(1)-CA,13",,0
2,"Public Notices (STK-6) U/S 248(2)-CA, 2013",/content/mca/global/en/data-and-reports/rd-roc-info/public-notices-stk6.html,https://www.mca.gov.in/content/mca/global/en/data-and-reports/rd-roc-info/public-notices-stk6.html,Data & Reports > RD/ROC Information,"Data & Reports > RD/ROC Information > Public Notices (STK-6) U/S 248(2)-CA, 2013",,0
2,List Of Directors Associated With Struck Off Companies U/S 248,/content/mca/global/en/data-and-reports/rd-roc-info/directors-with-struckoff-companies.html,https://www.mca.gov.in/content/mca/global/en/data-and-reports/rd-roc-info/directors-with-struckoff-companies.html,Data & Reports > RD/ROC Information,Data & Reports > RD/ROC Information > List Of Directors Associated With Struck Off Companies U/S 248,,0
2,List Of Proclaimed Offenders U/S 82 Cr.PC.,/content/mca/global/en/data-and-reports/rd-roc-info/proclaimed-offenders.html,https://www.mca.gov.in/content/mca/global/en/data-and-reports/rd-roc-info/proclaimed-offenders.html,Data & Reports > RD/ROC Information,Data & Reports > RD/ROC Information > List Of Proclaimed Offenders U/S 82 Cr.PC.,,0
2,List Of Disqualified Directors U/S 164 (2)(A),/content/mca/global/en/data-and-reports/rd-roc-info/disqualified-directors.html,https://www.mca.gov.in/content/mca/global/en/data-and-reports/rd-roc-info/disqualified-directors.html,Data & Reports > RD/ROC Information,Data & Reports > RD/ROC Information > List Of Disqualified Directors U/S 164 (2)(A),,0
2,ROC Adjudication Orders,/content/mca/global/en/data-and-reports/rd-roc-info/roc-adjudication-orders.html,https://www.mca.gov.in/content/mca/global/en/data-and-reports/rd-roc-info/roc-adjudication-orders.html,Data & Reports > RD/ROC Information,Data & Reports > RD/ROC Information > ROC Adjudication Orders,,0
2,Extension of AGM,/content/mca/global/en/data-and-reports/rd-roc-info/extension-agm.html,https://www.mca.gov.in/content/mca/global/en/data-and-reports/rd-roc-info/extension-agm.html,Data & Reports > RD/ROC Information,Data & Reports > RD/ROC Information > Extension of AGM,,0
2,Notice Of Strike-Off Under LLP Rule 37,/content/mca/global/en/data-and-reports/rd-roc-info/strike-off-notice.html,https://www.mca.gov.in/content/mca/global/en/data-and-reports/rd-roc-info/strike-off-notice.html,Data & Reports > RD/ROC Information,Data & Reports > RD/ROC Information > Notice Of Strike-Off Under LLP Rule 37,,0
2,RD Adjudication Orders,/content/mca/global/en/data-and-reports/rd-roc-info/rd-adjudication-orders.html,https://www.mca.gov.in/content/mca/global/en/data-and-reports/rd-roc-info/rd-adjudication-orders.html,Data & Reports > RD/ROC Information,Data & Reports > RD/ROC Information > RD Adjudication Orders,,0
2,RD Compounding orders,/content/mca/global/en/data-and-reports/rd-roc-info/rd-Compounding-orders.html,https://www.mca.gov.in/content/mca/global/en/data-and-reports/rd-roc-info/rd-Compounding-orders.html,Data & Reports > RD/ROC Information,Data & Reports > RD/ROC Information > RD Compounding orders,,0
0,Help & FAQs,/content/mca/global/en/help-faq.html,https://www.mca.gov.in/content/mca/global/en/help-faq.html,,Help & FAQs,,4
1,FAQs,/content/mca/global/en/help-faq/faqs.html,https://www.mca.gov.in/content/mca/global/en/help-faq/faqs.html,Help & FAQs,Help & FAQs > FAQs,,14
2,E-Filing,/content/mca/global/en/help-faq/faqs/e-filing2.html,https://www.mca.gov.in/content/mca/global/en/help-faq/faqs/e-filing2.html,Help & FAQs > FAQs,Help & FAQs > FAQs > E-Filing,,4
3,Steps for E-Filing,/content/mca/global/en/help-faq/faqs/e-filing2/steps-for-e-filing.html,https://www.mca.gov.in/content/mca/global/en/help-faq/faqs/e-filing2/steps-for-e-filing.html,Help & FAQs > FAQs > E-Filing,Help & FAQs > FAQs > E-Filing > Steps for E-Filing,,0
3,Revised filing steps & FAQs of Form 3 LLP,/content/mca/global/en/help-faq/faqs/e-filing2/revised-filing-steps-faqs-of-form-3-llp.html,https://www.mca.gov.in/content/mca/global/en/help-faq/faqs/e-filing2/revised-filing-steps-faqs-of-form-3-llp.html,Help & FAQs > FAQs > E-Filing,Help & FAQs > FAQs > E-Filing > Revised filing steps & FAQs of Form 3 LLP,,0
3,Revised filing steps & FAQs of Form 11 LLP,/content/mca/global/en/help-faq/faqs/e-filing2/revised-filing-steps-faqs-of-form-11-llp.html,https://www.mca.gov.in/content/mca/global/en/help-faq/faqs/e-filing2/revised-filing-steps-faqs-of-form-11-llp.html,Help & FAQs > FAQs > E-Filing,Help & FAQs > FAQs > E-Filing > Revised filing steps & FAQs of Form 11 LLP,,0
3,Prerequisite Software For E-Filing,/content/mca/global/en/help-faq/faqs/e-filing2/prerequisite-software-for-e-filing.html,https://www.mca.gov.in/content/mca/global/en/help-faq/faqs/e-filing2/prerequisite-software-for-e-filing.html,Help & FAQs > FAQs > E-Filing,Help & FAQs > FAQs > E-Filing > Prerequisite Software For E-Filing,,0
2,Company Services,/content/mca/global/en/help-faq/faqs/company-services.html,https://www.mca.gov.in/content/mca/global/en/help-faq/faqs/company-services.html,Help & FAQs > FAQs,Help & FAQs > FAQs > Company Services,,7
3,Incorporation & Change services,/content/mca/global/en/help-faq/faqs/company-services/incorporation.html,https://www.mca.gov.in/content/mca/global/en/help-faq/faqs/company-services/incorporation.html,Help & FAQs > FAQs > Company Services,Help & FAQs > FAQs > Company Services > Incorporation & Change services,,4
4,SPICe+ & linked filings,/content/mca/global/en/help-faq/faqs/company-services/incorporation/spiceplus-linked-filings.html,https://www.mca.gov.in/content/mca/global/en/help-faq/faqs/company-services/incorporation/spiceplus-linked-filings.html,Help & FAQs > FAQs > Company Services > Incorporation & Change services,Help & FAQs > FAQs > Company Services > Incorporation & Change services > SPICe+ & linked filings,,0
4,One Person Company,/content/mca/global/en/help-faq/faqs/company-services/incorporation/one-person-company.html,https://www.mca.gov.in/content/mca/global/en/help-faq/faqs/company-services/incorporation/one-person-company.html,Help & FAQs > FAQs > Company Services > Incorporation & Change services,Help & FAQs > FAQs > Company Services > Incorporation & Change services > One Person Company,,0
4,AGILE-PRO-S Form,/content/mca/global/en/help-faq/faqs/company-services/incorporation/agile-pro-s-form.html,https://www.mca.gov.in/content/mca/global/en/help-faq/faqs/company-services/incorporation/agile-pro-s-form.html,Help & FAQs > FAQs > Company Services > Incorporation & Change services,Help & FAQs > FAQs > Company Services > Incorporation & Change services > AGILE-PRO-S Form,,0
4,Change Company Information,/content/mca/global/en/help-faq/faqs/company-services/incorporation/change-company-information.html,https://www.mca.gov.in/content/mca/global/en/help-faq/faqs/company-services/incorporation/change-company-information.html,Help & FAQs > FAQs > Company Services > Incorporation & Change services,Help & FAQs > FAQs > Company Services > Incorporation & Change services > Change Company Information,,0
3,DIN Related Forms,/content/mca/global/en/help-faq/faqs/company-services/din-related.html,https://www.mca.gov.in/content/mca/global/en/help-faq/faqs/company-services/din-related.html,Help & FAQs > FAQs > Company Services,Help & FAQs > FAQs > Company Services > DIN Related Forms,,1
4,DIR-3 KYC,/content/mca/global/en/help-faq/faqs/company-services/din-related/dir-3-kyc.html,https://www.mca.gov.in/content/mca/global/en/help-faq/faqs/company-services/din-related/dir-3-kyc.html,Help & FAQs > FAQs > Company Services > DIN Related Forms,Help & FAQs > FAQs > Company Services > DIN Related Forms > DIR-3 KYC,,0
3,Charge Management,/content/mca/global/en/help-faq/faqs/company-services/charge-management.html,https://www.mca.gov.in/content/mca/global/en/help-faq/faqs/company-services/charge-management.html,Help & FAQs > FAQs > Company Services,Help & FAQs > FAQs > Company Services > Charge Management,,0
3,Informational & Investor Services,/content/mca/global/en/help-faq/faqs/company-services/informational-services.html,https://www.mca.gov.in/content/mca/global/en/help-faq/faqs/company-services/informational-services.html,Help & FAQs > FAQs > Company Services,Help & FAQs > FAQs > Company Services > Informational & Investor Services,,0
3,Compliance Filing,/content/mca/global/en/help-faq/faqs/company-services/compliance-filing.html,https://www.mca.gov.in/content/mca/global/en/help-faq/faqs/company-services/compliance-filing.html,Help & FAQs > FAQs > Company Services,Help & FAQs > FAQs > Company Services > Compliance Filing,,0
3,Approval Services (ROC/RD/HQ),/content/mca/global/en/help-faq/faqs/company-services/approval-services.html,https://www.mca.gov.in/content/mca/global/en/help-faq/faqs/company-services/approval-services.html,Help & FAQs > FAQs > Company Services,Help & FAQs > FAQs > Company Services > Approval Services (ROC/RD/HQ),,0
3,Others,/content/mca/global/en/help-faq/faqs/company-services/others.html,https://www.mca.gov.in/content/mca/global/en/help-faq/faqs/company-services/others.html,Help & FAQs > FAQs > Company Services,Help & FAQs > FAQs > Company Services > Others,,0
2,User Registration & Login,/content/mca/global/en/help-faq/faqs/user-registration2.html,https://www.mca.gov.in/content/mca/global/en/help-faq/faqs/user-registration2.html,Help & FAQs > FAQs,Help & FAQs > FAQs > User Registration & Login,,0
2,Payment,/content/mca/global/en/help-faq/faqs/payment2.html,https://www.mca.gov.in/content/mca/global/en/help-faq/faqs/payment2.html,Help & FAQs > FAQs,Help & FAQs > FAQs > Payment,,6
3,Payment,/content/mca/global/en/help-faq/faqs/payment2/payment.html,https://www.mca.gov.in/content/mca/global/en/help-faq/faqs/payment2/payment.html,Help & FAQs > FAQs > Payment,Help & FAQs > FAQs > Payment > Payment,,0
3,List Of Authorised Banks,/content/mca/global/en/help-faq/faqs/payment2/list-of-authorised-banks.html,https://www.mca.gov.in/content/mca/global/en/help-faq/faqs/payment2/list-of-authorised-banks.html,Help & FAQs > FAQs > Payment,Help & FAQs > FAQs > Payment > List Of Authorised Banks,,0
3,Refund,/content/mca/global/en/help-faq/faqs/payment2/refund.html,https://www.mca.gov.in/content/mca/global/en/help-faq/faqs/payment2/refund.html,Help & FAQs > FAQs > Payment,Help & FAQs > FAQs > Payment > Refund,,0
3,Cancel SRN Due To Unsuccessful Payment,/content/mca/global/en/help-faq/faqs/payment2/cancel-srn-due-to-unsuccessful-payment.html,https://www.mca.gov.in/content/mca/global/en/help-faq/faqs/payment2/cancel-srn-due-to-unsuccessful-payment.html,Help & FAQs > FAQs > Payment,Help & FAQs > FAQs > Payment > Cancel SRN Due To Unsuccessful Payment,,0
3,Rates of Stamp Duty,/content/mca/global/en/help-faq/faqs/payment2/rates-of-stamp-duty.html,https://www.mca.gov.in/content/mca/global/en/help-faq/faqs/payment2/rates-of-stamp-duty.html,Help & FAQs > FAQs > Payment,Help & FAQs > FAQs > Payment > Rates of Stamp Duty,,0
3,Estamp,/content/mca/global/en/help-faq/faqs/payment2/estamp.html,https://www.mca.gov.in/content/mca/global/en/help-faq/faqs/payment2/estamp.html,Help & FAQs > FAQs > Payment,Help & FAQs > FAQs > Payment > Estamp,,0
2,Offline Payment,/content/mca/global/en/help-faq/faqs/offline-payment.html,https://www.mca.gov.in/content/mca/global/en/help-faq/faqs/offline-payment.html,Help & FAQs > FAQs,Help & FAQs > FAQs > Offline Payment,,3
3,Offline payment,/content/mca/global/en/help-faq/faqs/offline-payment/faqs-offline-payment.html,https://www.mca.gov.in/content/mca/global/en/help-faq/faqs/offline-payment/faqs-offline-payment.html,Help & FAQs > FAQs > Offline Payment,Help & FAQs > FAQs > Offline Payment > Offline payment,,0
3,Steps to make offline Payment,/content/mca/global/en/help-faq/faqs/offline-payment/Steps-to-make-Offline-Payment.html,https://www.mca.gov.in/content/mca/global/en/help-faq/faqs/offline-payment/Steps-to-make-Offline-Payment.html,Help & FAQs > FAQs > Offline Payment,Help & FAQs > FAQs > Offline Payment > Steps to make offline Payment,,0
3,Offline payment process for IEPF-1 Form for Pay Miscellaneous Fee,/content/mca/global/en/help-faq/faqs/offline-payment/iepf-for-Pay-Miscellaneous-fee.html,https://www.mca.gov.in/content/mca/global/en/help-faq/faqs/offline-payment/iepf-for-Pay-Miscellaneous-fee.html,Help & FAQs > FAQs > Offline Payment,Help & FAQs > FAQs > Offline Payment > Offline payment process for IEPF-1 Form for Pay Miscellaneous Fee,,0
2,DSC Services,/content/mca/global/en/help-faq/faqs/dsc-services.html,https://www.mca.gov.in/content/mca/global/en/help-faq/faqs/dsc-services.html,Help & FAQs > FAQs,Help & FAQs > FAQs > DSC Services,,4
3,DSC,/content/mca/global/en/help-faq/faqs/dsc-services/digital-signature-certificate.html,https://www.mca.gov.in/content/mca/global/en/help-faq/faqs/dsc-services/digital-signature-certificate.html,Help & FAQs > FAQs > DSC Services,Help & FAQs > FAQs > DSC Services > DSC,,0
3,V3 Associate DSC,/content/mca/global/en/help-faq/faqs/dsc-services/associate-dsc.html,https://www.mca.gov.in/content/mca/global/en/help-faq/faqs/dsc-services/associate-dsc.html,Help & FAQs > FAQs > DSC Services,Help & FAQs > FAQs > DSC Services > V3 Associate DSC,,0
3,Process for DSC Registration,/content/mca/global/en/help-faq/faqs/dsc-services/dsc-registration.html,https://www.mca.gov.in/content/mca/global/en/help-faq/faqs/dsc-services/dsc-registration.html,Help & FAQs > FAQs > DSC Services,Help & FAQs > FAQs > DSC Services > Process for DSC Registration,,0
3,V2 DSC Requirements,/content/mca/global/en/help-faq/faqs/dsc-services/dsc-requirements.html,https://www.mca.gov.in/content/mca/global/en/help-faq/faqs/dsc-services/dsc-requirements.html,Help & FAQs > FAQs > DSC Services,Help & FAQs > FAQs > DSC Services > V2 DSC Requirements,,0
2,XBRL,/content/mca/global/en/help-faq/faqs/xbrl1.html,https://www.mca.gov.in/content/mca/global/en/help-faq/faqs/xbrl1.html,Help & FAQs > FAQs,Help & FAQs > FAQs > XBRL,,0
2,MCA Website,/content/mca/global/en/help-faq/faqs/mca-website.html,https://www.mca.gov.in/content/mca/global/en/help-faq/faqs/mca-website.html,Help & FAQs > FAQs,Help & FAQs > FAQs > MCA Website,,3
3,V3 Website,/content/mca/global/en/help-faq/faqs/mca-website/v3-website.html,https://www.mca.gov.in/content/mca/global/en/help-faq/faqs/mca-website/v3-website.html,Help & FAQs > FAQs > MCA Website,Help & FAQs > FAQs > MCA Website > V3 Website,,0
3,E-Book,/content/mca/global/en/help-faq/faqs/mca-website/e-book.html,https://www.mca.gov.in/content/mca/global/en/help-faq/faqs/mca-website/e-book.html,Help & FAQs > FAQs > MCA Website,Help & FAQs > FAQs > MCA Website > E-Book,,0
3,E-Consultation,/content/mca/global/en/help-faq/faqs/mca-website/e-consultation.html,https://www.mca.gov.in/content/mca/global/en/help-faq/faqs/mca-website/e-consultation.html,Help & FAQs > FAQs > MCA Website,Help & FAQs > FAQs > MCA Website > E-Consultation,,0
2,E-adjudication,/content/mca/global/en/help-faq/faqs/e-adjudication.html,https://www.mca.gov.in/content/mca/global/en/help-faq/faqs/e-adjudication.html,Help & FAQs > FAQs,Help & FAQs > FAQs > E-adjudication,,0
2,IEPF,/content/mca/global/en/help-faq/faqs/iepf-website.html,https://www.mca.gov.in/content/mca/global/en/help-faq/faqs/iepf-website.html,Help & FAQs > FAQs,Help & FAQs > FAQs > IEPF,,2
3,FAQs for filing new IEPF-5 -Claimant,/content/mca/global/en/help-faq/faqs/iepf-website/iepf-5-Claimant.html,https://www.mca.gov.in/content/mca/global/en/help-faq/faqs/iepf-website/iepf-5-Claimant.html,Help & FAQs > FAQs > IEPF,Help & FAQs > FAQs > IEPF > FAQs for filing new IEPF-5 -Claimant,,0
3,FAQs for filing new EVR -Company,/content/mca/global/en/help-faq/faqs/iepf-website/new-evr-company.html,https://www.mca.gov.in/content/mca/global/en/help-faq/faqs/iepf-website/new-evr-company.html,Help & FAQs > FAQs > IEPF,Help & FAQs > FAQs > IEPF > FAQs for filing new EVR -Company,,0
2,Central Registration Center(CRC),/content/mca/global/en/help-faq/faqs/crc.html,https://www.mca.gov.in/content/mca/global/en/help-faq/faqs/crc.html,Help & FAQs > FAQs,Help & FAQs > FAQs > Central Registration Center(CRC),,0
2,Centre For Processing Accelerated Corporate Exit (C-PACE),/content/mca/global/en/help-faq/faqs/c-pace.html,https://www.mca.gov.in/content/mca/global/en/help-faq/faqs/c-pace.html,Help & FAQs > FAQs,Help & FAQs > FAQs > Centre For Processing Accelerated Corporate Exit (C-PACE),,0
2,System Requirements,/content/mca/global/en/help-faq/faqs/system-requirements1.html,https://www.mca.gov.in/content/mca/global/en/help-faq/faqs/system-requirements1.html,Help & FAQs > FAQs,Help & FAQs > FAQs > System Requirements,,1
3,Viewing File Formats,/content/mca/global/en/help-faq/faqs/system-requirements1/viewing-file-formats.html,https://www.mca.gov.in/content/mca/global/en/help-faq/faqs/system-requirements1/viewing-file-formats.html,Help & FAQs > FAQs > System Requirements,Help & FAQs > FAQs > System Requirements > Viewing File Formats,,0
2,Training Documents,/content/mca/global/en/help-faq/faqs/important-documents.html,https://www.mca.gov.in/content/mca/global/en/help-faq/faqs/important-documents.html,Help & FAQs > FAQs,Help & FAQs > FAQs > Training Documents,,0
1,FAQs for Annual Filing,/content/mca/global/en/help-faq/annual-filing.html,https://www.mca.gov.in/content/mca/global/en/help-faq/annual-filing.html,Help & FAQs,Help & FAQs > FAQs for Annual Filing,,7
2,Commonly Asked Questions on Annual Filing Forms,/content/mca/global/en/help-faq/annual-filing/commonly-asked-questions.html,https://www.mca.gov.in/content/mca/global/en/help-faq/annual-filing/commonly-asked-questions.html,Help & FAQs > FAQs for Annual Filing,Help & FAQs > FAQs for Annual Filing > Commonly Asked Questions on Annual Filing Forms,,0
2,General,/content/mca/global/en/help-faq/annual-filing/general.html,https://www.mca.gov.in/content/mca/global/en/help-faq/annual-filing/general.html,Help & FAQs > FAQs for Annual Filing,Help & FAQs > FAQs for Annual Filing > General,,0
2,ADT forms,/content/mca/global/en/help-faq/annual-filing/adt-forms.html,https://www.mca.gov.in/content/mca/global/en/help-faq/annual-filing/adt-forms.html,Help & FAQs > FAQs for Annual Filing,Help & FAQs > FAQs for Annual Filing > ADT forms,,0
2,AOC-4 and linked filings,/content/mca/global/en/help-faq/annual-filing/aoc-4-and-linked-filings.html,https://www.mca.gov.in/content/mca/global/en/help-faq/annual-filing/aoc-4-and-linked-filings.html,Help & FAQs > FAQs for Annual Filing,Help & FAQs > FAQs for Annual Filing > AOC-4 and linked filings,,0
2,Cost Audit forms,/content/mca/global/en/help-faq/annual-filing/cost-audit-forms.html,https://www.mca.gov.in/content/mca/global/en/help-faq/annual-filing/cost-audit-forms.html,Help & FAQs > FAQs for Annual Filing,Help & FAQs > FAQs for Annual Filing > Cost Audit forms,,0
2,MGT-7 & MGT-7A,/content/mca/global/en/help-faq/annual-filing/mgt-7-and-mgt-7a.html,https://www.mca.gov.in/content/mca/global/en/help-faq/annual-filing/mgt-7-and-mgt-7a.html,Help & FAQs > FAQs for Annual Filing,Help & FAQs > FAQs for Annual Filing > MGT-7 & MGT-7A,,0
2,Offline Filings of Annual Forms,/content/mca/global/en/help-faq/annual-filing/offline-lilings-of-annual-forms.html,https://www.mca.gov.in/content/mca/global/en/help-faq/annual-filing/offline-lilings-of-annual-forms.html,Help & FAQs > FAQs for Annual Filing,Help & FAQs > FAQs for Annual Filing > Offline Filings of Annual Forms,,0
1,e-filing Help Kits,/content/mca/global/en/help-faq/e-filing-help-kits.html,https://www.mca.gov.in/content/mca/global/en/help-faq/e-filing-help-kits.html,Help & FAQs,Help & FAQs > e-filing Help Kits,,2
2,Company e-filing,/content/mca/global/en/help-faq/e-filing-help-kits/company-efilings.html,https://www.mca.gov.in/content/mca/global/en/help-faq/e-filing-help-kits/company-efilings.html,Help & FAQs > e-filing Help Kits,Help & FAQs > e-filing Help Kits > Company e-filing,,16
3,Incorporation Services,/content/mca/global/en/help-faq/e-filing-help-kits/company-efilings/incorporation-services.html,https://www.mca.gov.in/content/mca/global/en/help-faq/e-filing-help-kits/company-efilings/incorporation-services.html,Help & FAQs > e-filing Help Kits > Company e-filing,Help & FAQs > e-filing Help Kits > Company e-filing > Incorporation Services,,0
3,DIN Related Forms,/content/mca/global/en/help-faq/e-filing-help-kits/company-efilings/din-related-forms.html,https://www.mca.gov.in/content/mca/global/en/help-faq/e-filing-help-kits/company-efilings/din-related-forms.html,Help & FAQs > e-filing Help Kits > Company e-filing,Help & FAQs > e-filing Help Kits > Company e-filing > DIN Related Forms,,0
3,Charge Management,/content/mca/global/en/help-faq/e-filing-help-kits/company-efilings/charge-management.html,https://www.mca.gov.in/content/mca/global/en/help-faq/e-filing-help-kits/company-efilings/charge-management.html,Help & FAQs > e-filing Help Kits > Company e-filing,Help & FAQs > e-filing Help Kits > Company e-filing > Charge Management,,0
3,Deposits,/content/mca/global/en/help-faq/e-filing-help-kits/company-efilings/Deposits.html,https://www.mca.gov.in/content/mca/global/en/help-faq/e-filing-help-kits/company-efilings/Deposits.html,Help & FAQs > e-filing Help Kits > Company e-filing,Help & FAQs > e-filing Help Kits > Company e-filing > Deposits,,0
3,Informational Services,/content/mca/global/en/help-faq/e-filing-help-kits/company-efilings/informational-services.html,https://www.mca.gov.in/content/mca/global/en/help-faq/e-filing-help-kits/company-efilings/informational-services.html,Help & FAQs > e-filing Help Kits > Company e-filing,Help & FAQs > e-filing Help Kits > Company e-filing > Informational Services,,0
3,Change Services,/content/mca/global/en/help-faq/e-filing-help-kits/company-efilings/change-services.html,https://www.mca.gov.in/content/mca/global/en/help-faq/e-filing-help-kits/company-efilings/change-services.html,Help & FAQs > e-filing Help Kits > Company e-filing,Help & FAQs > e-filing Help Kits > Company e-filing > Change Services,,0
3,Compliance Services,/content/mca/global/en/help-faq/e-filing-help-kits/company-efilings/compliance-services.html,https://www.mca.gov.in/content/mca/global/en/help-faq/e-filing-help-kits/company-efilings/compliance-services.html,Help & FAQs > e-filing Help Kits > Company e-filing,Help & FAQs > e-filing Help Kits > Company e-filing > Compliance Services,,0
3,Approval Services (Regional Director),/content/mca/global/en/help-faq/e-filing-help-kits/company-efilings/approval-services-regional-director.html,https://www.mca.gov.in/content/mca/global/en/help-faq/e-filing-help-kits/company-efilings/approval-services-regional-director.html,Help & FAQs > e-filing Help Kits > Company e-filing,Help & FAQs > e-filing Help Kits > Company e-filing > Approval Services (Regional Director),,0
3,Approval Services (Registrar of Companies),/content/mca/global/en/help-faq/e-filing-help-kits/company-efilings/approval-services.html,https://www.mca.gov.in/content/mca/global/en/help-faq/e-filing-help-kits/company-efilings/approval-services.html,Help & FAQs > e-filing Help Kits > Company e-filing,Help & FAQs > e-filing Help Kits > Company e-filing > Approval Services (Registrar of Companies),,0
3,Approval Services (Headquarters),/content/mca/global/en/help-faq/e-filing-help-kits/company-efilings/approval-services-headquarters.html,https://www.mca.gov.in/content/mca/global/en/help-faq/e-filing-help-kits/company-efilings/approval-services-headquarters.html,Help & FAQs > e-filing Help Kits > Company e-filing,Help & FAQs > e-filing Help Kits > Company e-filing > Approval Services (Headquarters),,0
3,Annual Filings,/content/mca/global/en/help-faq/e-filing-help-kits/company-efilings/annual-filings.html,https://www.mca.gov.in/content/mca/global/en/help-faq/e-filing-help-kits/company-efilings/annual-filings.html,Help & FAQs > e-filing Help Kits > Company e-filing,Help & FAQs > e-filing Help Kits > Company e-filing > Annual Filings,,0
3,Nidhi Services,/content/mca/global/en/help-faq/e-filing-help-kits/company-efilings/nidhi-services.html,https://www.mca.gov.in/content/mca/global/en/help-faq/e-filing-help-kits/company-efilings/nidhi-services.html,Help & FAQs > e-filing Help Kits > Company e-filing,Help & FAQs > e-filing Help Kits > Company e-filing > Nidhi Services,,0
3,Foreign Company Services,/content/mca/global/en/help-faq/e-filing-help-kits/company-efilings/foreign-company-services.html,https://www.mca.gov.in/content/mca/global/en/help-faq/e-filing-help-kits/company-efilings/foreign-company-services.html,Help & FAQs > e-filing Help Kits > Company e-filing,Help & FAQs > e-filing Help Kits > Company e-filing > Foreign Company Services,,0
3,Investor Services,/content/mca/global/en/help-faq/e-filing-help-kits/company-efilings/investor-services.html,https://www.mca.gov.in/content/mca/global/en/help-faq/e-filing-help-kits/company-efilings/investor-services.html,Help & FAQs > e-filing Help Kits > Company e-filing,Help & FAQs > e-filing Help Kits > Company e-filing > Investor Services,,0
3,IEPF Services,/content/mca/global/en/help-faq/e-filing-help-kits/company-efilings/iepf-services.html,https://www.mca.gov.in/content/mca/global/en/help-faq/e-filing-help-kits/company-efilings/iepf-services.html,Help & FAQs > e-filing Help Kits > Company e-filing,Help & FAQs > e-filing Help Kits > Company e-filing > IEPF Services,,0
3,Companies Act 1956 Forms,/content/mca/global/en/help-faq/e-filing-help-kits/company-efilings/companies-act-1956-forms.html,https://www.mca.gov.in/content/mca/global/en/help-faq/e-filing-help-kits/company-efilings/companies-act-1956-forms.html,Help & FAQs > e-filing Help Kits > Company e-filing,Help & FAQs > e-filing Help Kits > Company e-filing > Companies Act 1956 Forms,,0
2,LLP e-filing,/content/mca/global/en/help-faq/e-filing-help-kits/llp-efilings.html,https://www.mca.gov.in/content/mca/global/en/help-faq/e-filing-help-kits/llp-efilings.html,Help & FAQs > e-filing Help Kits,Help & FAQs > e-filing Help Kits > LLP e-filing,,0
1,"Penalties And Offences Under Companies' Act, 2013",/content/mca/global/en/help-faq/penalties-and-Offences-under-companies-act-2013.html,https://www.mca.gov.in/content/mca/global/en/help-faq/penalties-and-Offences-under-companies-act-2013.html,Help & FAQs,"Help & FAQs > Penalties And Offences Under Companies' Act, 2013",,0
0,Contact Us,/content/mca/global/en/contact-us.html,https://www.mca.gov.in/content/mca/global/en/contact-us.html,,Contact Us,,12
1,Grievance Cell,/content/mca/global/en/contact-us/grievance-cell.html,https://www.mca.gov.in/content/mca/global/en/contact-us/grievance-cell.html,Contact Us,Contact Us > Grievance Cell,,0
1,Minister of Corporate Affairs,/content/mca/global/en/contact-us/minister-corporate-affairs.html,https://www.mca.gov.in/content/mca/global/en/contact-us/minister-corporate-affairs.html,Contact Us,Contact Us > Minister of Corporate Affairs,,0
1,Minister of State for Corporate Affairs,/content/mca/global/en/contact-us/minister-state-for-corporate-affairs.html,https://www.mca.gov.in/content/mca/global/en/contact-us/minister-state-for-corporate-affairs.html,Contact Us,Contact Us > Minister of State for Corporate Affairs,,0
1,Officials at Head Quarters,/content/mca/global/en/contact-us/officials-at-head-quarters.html,https://www.mca.gov.in/content/mca/global/en/contact-us/officials-at-head-quarters.html,Contact Us,Contact Us > Officials at Head Quarters,,0
1,D G C O A Officers,/content/mca/global/en/contact-us/DGCOA-Officers.html,https://www.mca.gov.in/content/mca/global/en/contact-us/DGCOA-Officers.html,Contact Us,Contact Us > D G C O A Officers,,0
1,Regional Directors,/content/mca/global/en/contact-us/rd.html,https://www.mca.gov.in/content/mca/global/en/contact-us/rd.html,Contact Us,Contact Us > Regional Directors,,0
1,Registrar of Companies,/content/mca/global/en/contact-us/roc.html,https://www.mca.gov.in/content/mca/global/en/contact-us/roc.html,Contact Us,Contact Us > Registrar of Companies,,0
1,Official Liquidators,/content/mca/global/en/contact-us/official-liquidators.html,https://www.mca.gov.in/content/mca/global/en/contact-us/official-liquidators.html,Contact Us,Contact Us > Official Liquidators,,0
1,Cost Audit Branch (CAB),/content/mca/global/en/contact-us/cost-audit-branch.html,https://www.mca.gov.in/content/mca/global/en/contact-us/cost-audit-branch.html,Contact Us,Contact Us > Cost Audit Branch (CAB),,0
1,Investor Grievance Management Cell,/content/mca/global/en/contact-us/investor-grievance-management-cell.html,https://www.mca.gov.in/content/mca/global/en/contact-us/investor-grievance-management-cell.html,Contact Us,Contact Us > Investor Grievance Management Cell,,0
1,Liasion Office for SC/ST/OBC,/content/mca/global/en/contact-us/liasion-office.html,https://www.mca.gov.in/content/mca/global/en/contact-us/liasion-office.html,Contact Us,Contact Us > Liasion Office for SC/ST/OBC,,0
1,Web Information Manager,/content/mca/global/en/contact-us/web-information-manager.html,https://www.mca.gov.in/content/mca/global/en/contact-us/web-information-manager.html,Contact Us,Contact Us > Web Information Manager,,0
